,1235,1228,1120,1361,1140,1450,1194,1321,1179,1182,1412,1463,1287,1355,1391,1314,1112,1124,1104,1388,1155,1173,1280,1277,1305,1307,1213,1158,1159,1253,1447,1345,1397,1166,1242,1211,1376,1400,1429,1395,1161,1332,1270,1359,1103,1389,1212,1222,1266,1246,1181,1458,1403,1196,1304,1401,1160,1301,1241,1436,1324,1443,1255,1163
1163,[0.64344462 0.35655538],[0.72093804 0.27906196],[0.60158522 0.39841478],[0.82965653 0.17034347],[0.79531193 0.20468807],[0.88413137 0.11586863],[0.89928672 0.10071328],[0.87913594 0.12086406],[0.91970223 0.08029777],[0.95519338 0.04480662],[0.96928414 0.03071586],[0.96256626 0.03743374],[0.980595 0.019405],[0.98470854 0.01529146],[0.9934853 0.0065147],[0.70909281 0.29090719],[0.67257091 0.32742909],[0.7626705 0.2373295],[0.76705897 0.23294103],[0.85900663 0.14099337],[0.87064702 0.12935298],[0.88647936 0.11352064],[0.85459178 0.14540822],[0.81270639 0.18729361],[0.88068431 0.11931569],[0.84505888 0.15494112],[0.94103414 0.05896586],[0.97173345 0.02826655],[0.98758403 0.01241597],[0.98946935 0.01053065],[0.99730443 0.00269557],[0.5754244 0.4245756],[0.67662661 0.32337339],[0.74429159 0.25570841],[0.8265189 0.1734811],[0.83196306 0.16803694],[0.89816217 0.10183783],[0.84168044 0.15831956],[0.89977032 0.10022968],[0.85839986 0.14160014],[0.88204191 0.11795809],[0.91587648 0.08412352],[0.9522726 0.0477274],[0.96326185 0.03673815],[0.98084936 0.01915064],[0.99221693 0.00778307],[0.99663732 0.00336268],[0.49033665 0.50966335],[0.75510762 0.24489238],[0.82222295 0.17777705],[0.70933746 0.29066254],[0.79718537 0.20281463],[0.84053312 0.15946688],[0.85231763 0.14768237],[0.84714865 0.15285135],[0.88310377 0.11689623],[0.85235946 0.14764054],[0.91293497 0.08706503],[0.94762435 0.05237565],[0.97363109 0.02636891],[0.98475176 0.01524824],[0.98336646 0.01663354],[0.9883502 0.0116498],
1228,[0.42134337 0.57865663],,[0.36359855 0.63640145],[0.64824669 0.35175331],[0.59517328 0.40482672],[0.74274689 0.25725311],[0.7716181 0.2283819],[0.73349335 0.26650665],[0.81251786 0.18748214],[0.88970234 0.11029766],[0.92272244 0.07727756],[0.9068002 0.0931998],[0.95030012 0.04969988],[0.96057748 0.03942252],[0.98296501 0.01703499],[0.47979311 0.52020689],[0.43732693 0.56267307],[0.54872558 0.45127442],[0.55476061 0.44523939],[0.69745543 0.30254457],[0.71805576 0.28194424],[0.74714053 0.25285947],[0.6898087 0.3101913],[0.62148091 0.37851909],[0.73634797 0.26365203],[0.6735988 0.3264012],[0.85792566 0.14207434],[0.92861118 0.07138882],[0.96784252 0.03215748],[0.97264247 0.02735753],[0.99290745 0.00709255],[0.33898157 0.66101843],[0.44187847 0.55812153],[0.52411661 0.47588339],[0.6432046 0.3567954],[0.65197921 0.34802079],[0.76943351 0.23056649],[0.66795076 0.33204924],[0.77255969 0.22744031],[0.69639914 0.30360086],[0.7388609 0.2611391],[0.80466995 0.19533005],[0.88303519 0.11696481],[0.90843346 0.09156654],[0.95093171 0.04906829],[0.97969028 0.02030972],[0.99116181 0.00883819],[0.26687967 0.73312033],[0.53847073 0.46152927],[0.63636636 0.36363364],[0.4800892 0.5199108],[0.5979525 0.4020475],[0.66604396 0.33395604],[0.68590457 0.31409543],[0.67711754 0.32288246],[0.74083296 0.25916704],[0.68597618 0.31402382],[0.79869462 0.20130538],[0.87254632 0.12745368],[0.93320477 0.06679523],[0.96068619 0.03931381],[0.95720954 0.04279046],[0.96978964 0.03021036],[0.27906196 0.72093804]
1120,[0.5547258 0.4452742],[0.63640145 0.36359855],,[0.75314132 0.24685868],[0.70878473 0.29121527],[0.82698246 0.17301754],[0.84833046 0.15166954],[0.82002472 0.17997528],[0.87767017 0.12232983],[0.93033197 0.06966803],[0.95184698 0.04815302],[0.9415454 0.0584546],[0.96937607 0.03062393],[0.97580916 0.02419084],[0.98964011 0.01035989],[0.60425447 0.39574553],[0.56268788 0.43731212],[0.66810318 0.33189682],[0.67349168 0.32650832],[0.79237573 0.20762427],[0.80828945 0.19171055],[0.8302662 0.1697338],[0.78639333 0.21360667],[0.73104566 0.26895434],[0.82217718 0.17782282],[0.77357398 0.22642602],[0.90906426 0.09093574],[0.9556231 0.0443769],[0.98032471 0.01967529],[0.98329367 0.01670633],[0.99570367 0.00429633],[0.45915613 0.54084387],[0.56722886 0.43277114],[0.64580203 0.35419797],[0.74902067 0.25097933],[0.75617943 0.24382057],[0.84673391 0.15326609],[0.7690628 0.2309372],[0.84901766 0.15098234],[0.7915518 0.2084482],[0.8240675 0.1759325],[0.87212027 0.12787973],[0.92591625 0.07408375],[0.94260831 0.05739169],[0.96977295 0.03022705],[0.98763243 0.01236757],[0.99464253 0.00535747],[0.37603399 0.62396601],[0.65887465 0.34112535],[0.74340141 0.25659859],[0.60453811 0.39546189],[0.7111625 0.2888375],[0.76753456 0.23246544],[0.78332299 0.21667701],[0.77637275 0.22362725],[0.82554803 0.17445197],[0.7833794 0.2166206],[0.8678695 0.1321305],[0.91891967 0.08108033],[0.95855615 0.04144385],[0.97587692 0.02412308],[0.97370687 0.02629313],[0.98153045 0.01846955],[0.39841478 0.60158522]
1361,[0.27861607 0.72138393],[0.35175331 0.64824669],[0.24685868 0.75314132],,[0.44292845 0.55707155],[0.60959638 0.39040362],[0.64629472 0.35370528],[0.59814466 0.40185534],[0.70093944 0.29906056],[0.81351679 0.18648321],[0.86590724 0.13409276],[0.8403048 0.1596952],[0.91182273 0.08817727],[0.92946621 0.07053379],[0.96895033 0.03104967],[0.33279947 0.66720053],[0.29594213 0.70405787],[0.39671872 0.60328128],[0.40257332 0.59742668],[0.55491041 0.44508959],[0.57936301 0.42063699],[0.6150856 0.3849144],[0.54600605 0.45399395],[0.47032486 0.52967514],[0.60166171 0.39833829],[0.52742956 0.47257044],[0.76557439 0.23442561],[0.87554146 0.12445854],[0.94211917 0.05788083],[0.95056255 0.04943745],[0.98696393 0.01303607],[0.21712244 0.78287756],[0.29980623 0.70019377],[0.37328784 0.62671216],[0.4936557 0.5063443],[0.50326784 0.49673216],[0.64346526 0.35653474],[0.52105061 0.47894939],[0.64751698 0.35248302],[0.55367493 0.44632507],[0.60476933 0.39523067],[0.69020174 0.30979826],[0.80326278 0.19673722],[0.84290146 0.15709854],[0.91289848 0.08710152],[0.96308267 0.03691733],[0.98377935 0.01622065],[0.16449023 0.83550977],[0.3868693 0.6131307],[0.48624064 0.51375936],[0.33306293 0.66693707],[0.44577959 0.55422041],[0.51890783 0.48109217],[0.54149503 0.45850497],[0.53142791 0.46857209],[0.6072157 0.3927843],[0.54157756 0.45842244],[0.68210809 0.31789191],[0.78734306 0.21265694],[0.88312007 0.11687993],[0.92965442 0.07034558],[0.92365162 0.07634838],[0.94553616 0.05446384],[0.17034347 0.82965653]
1140,[0.3262074 0.6737926],[0.40482672 0.59517328],[0.29121527 0.70878473],[0.55707155 0.44292845],,[0.65576238 0.34423762],[0.69032561 0.30967439],[0.64487595 0.35512405],[0.74089505 0.25910495],[0.84182575 0.15817425],[0.88736425 0.11263575],[0.86522094 0.13477906],[0.92655569 0.07344431],[0.94144056 0.05855944],[0.97440614 0.02559386],[0.37831645 0.62168355],[0.33897926 0.66102074],[0.44514526 0.55485474],[0.45118004 0.54881996],[0.60333522 0.39666478],[0.6269161 0.3730839],[0.6609635 0.3390365],[0.59469205 0.40530795],[0.51999187 0.48000813],[0.64822454 0.35177546],[0.57656275 0.42343725],[0.7993663 0.2006337],[0.89564263 0.10435737],[0.95205626 0.04794374],[0.95911297 0.04088703],[0.98928952 0.01071048],[0.25281317 0.74718683],[0.34313143 0.65686857],[0.42084948 0.57915052],[0.54325952 0.45674048],[0.55278308 0.44721692],[0.68767815 0.31232185],[0.57030671 0.42969329],[0.69146834 0.30853166],[0.60213779 0.39786221],[0.65117951 0.34882049],[0.73104147 0.26895853],[0.83280843 0.16719157],[0.86747636 0.13252364],[0.927466 0.072534],[0.96953708 0.03046292],[0.98666538 0.01333462],[0.19366951 0.80633049],[0.43496039 0.56503961],[0.53588794 0.46411206],[0.3785955 0.6214045],[0.49527827 0.50472173],[0.56820167 0.43179833],[0.59030179 0.40969821],[0.58047606 0.41952394],[0.65350319 0.34649681],[0.59038218 0.40961782],[0.72358748 0.27641252],[0.81874001 0.18125999],[0.90213404 0.09786596],[0.94159883 0.05840117],[0.93654571 0.06345429],[0.95491469 0.04508531],[0.20468807 0.79531193]
1450,[0.19777004 0.80222996],[0.25725311 0.74274689],[0.17301754 0.82698246],[0.39040362 0.60959638],[0.34423762 0.65576238],,[0.53818892 0.46181108],[0.48700358 0.51299642],[0.59917711 0.40082289],[0.73561248 0.26438752],[0.80463327 0.19536673],[0.77043337 0.22956663],[0.86833977 0.13166023],[0.89366921 0.10633079],[0.95216075 0.04783925],[0.24135073 0.75864927],[0.21141212 0.78858788],[0.29548451 0.70451549],[0.30058953 0.69941047],[0.44294787 0.55705213],[0.46765055 0.53234945],[0.50475052 0.49524948],[0.43408792 0.56591208],[0.36156499 0.63843501],[0.49066506 0.50933494],[0.4158315 0.5841685],[0.6756277 0.3243723],[0.81774326 0.18225674],[0.9121367 0.0878633],[0.92460376 0.07539624],[0.97971094 0.02028906],[0.15029966 0.84970034],[0.21450878 0.78549122],[0.27530419 0.72469581],[0.38340598 0.61659402],[0.39253561 0.60746439],[0.53511672 0.46488328],[0.40963232 0.59036768],[0.53951858 0.46048142],[0.44171428 0.55828572],[0.49391023 0.50608977],[0.5869388 0.4130612],[0.72253582 0.27746418],[0.7738604 0.2261396],[0.8698703 0.1301297],[0.9433059 0.0566941],[0.97479977 0.02520023],[0.1115576 0.8884424],[0.28695297 0.71304703],[0.37641586 0.62358414],[0.24156801 0.75843199],[0.33906231 0.66093769],[0.40755783 0.59244217],[0.42962653 0.57037347],[0.41973527 0.58026473],[0.49647147 0.50352853],[0.42970798 0.57029202],[0.57779761 0.42220239],[0.7025031 0.2974969],[0.82815055 0.17184945],[0.89394203 0.10605797],[0.88526788 0.11473212],[0.91716809 0.08283191],[0.11586863 0.88413137]
1194,[0.17401055 0.82598945],[0.2283819 0.7716181],[0.15166954 0.84833046],[0.35370528 0.64629472],[0.30967439 0.69032561],[0.46181108 0.53818892],,[0.43836091 0.56163909],[0.55137259 0.44862741],[0.6958193 0.3041807],[0.77200876 0.22799124],[0.73398587 0.26601413],[0.84429503 0.15570497],[0.87357683 0.12642317],[0.94240873 0.05759127],[0.20732793 0.79267207],[0.180605 0.819395],[0.25640975 0.74359025],[0.26108986 0.73891014],[0.39531464 0.60468536],[0.41936071 0.58063929],[0.4559106 0.5440894],[0.38674598 0.61325402],[0.31769227 0.68230773],[0.44197176 0.55802824],[0.36918172 0.63081828],[0.63133093 0.36866907],[0.78672772 0.21327228],[0.89512444 0.10487556],[0.9097666 0.0902334],[0.9754301 0.0245699],[0.12696411 0.87303589],[0.18335534 0.81664466],[0.23799656 0.76200344],[0.33828731 0.66171269],[0.34694711 0.65305289],[0.48622324 0.51377676],[0.36324555 0.63675445],[0.4906474 0.5093526],[0.39411985 0.60588015],[0.44517636 0.55482364],[0.53879817 0.46120183],[0.68162629 0.31837371],[0.73777181 0.26222819],[0.84605553 0.15394447],[0.93187795 0.06812205],[0.96951495 0.03048505],[0.09357473 0.90642527],[0.24860829 0.75139171],[0.33167729 0.66832271],[0.20752296 0.79247704],[0.29665135 0.70334865],[0.36126223 0.63873777],[0.38244233 0.61755767],[0.37292713 0.62707287],[0.44770844 0.55229156],[0.38252084 0.61747916],[0.52944573 0.47055427],[0.66002968 0.33997032],[0.7984696 0.2015304],[0.87389393 0.12610607],[0.86382987 0.13617013],[0.9010243 0.0989757],[0.10071328 0.89928672]
1321,[0.20547585 0.79452415],[0.26650665 0.73349335],[0.17997528 0.82002472],[0.40185534 0.59814466],[0.35512405 0.64487595],[0.51299642 0.48700358],[0.56163909 0.43836091],,[0.60819622 0.39180378],[0.74287899 0.25712101],[0.8104915 0.1895085],[0.77703294 0.22296706],[0.87259019 0.12740981],[0.89719872 0.10280128],[0.95384898 0.04615102],[0.24832054 0.75167946],[0.21776552 0.78223448],[0.30339244 0.69660756],[0.30857423 0.69142577],[0.4522688 0.5477312],[0.47704615 0.52295385],[0.51417157 0.48582843],[0.44337081 0.55662919],[0.37031184 0.62968816],[0.50008868 0.49991132],[0.42501719 0.57498281],[0.68383427 0.31616573],[0.8232947 0.1767053],[0.91511144 0.08488856],[0.9271901 0.0728099],[0.9804469 0.0195531],[0.1551779 0.8448221],[0.22092918 0.77907082],[0.2828889 0.7171111],[0.39235648 0.60764352],[0.40156044 0.59843956],[0.54448142 0.45551858],[0.41877924 0.58122076],[0.54886937 0.45113063],[0.45103028 0.54896972],[0.50333458 0.49666542],[0.59604763 0.40395237],[0.73002984 0.26997016],[0.78038953 0.21961047],[0.87407848 0.12592152],[0.94528865 0.05471135],[0.97570946 0.02429054],[0.1153491 0.8846509],[0.29472808 0.70527192],[0.38530515 0.61469485],[0.24854204 0.75145796],[0.34756114 0.65243886],[0.41669113 0.58330887],[0.438888 0.561112],[0.42894388 0.57105612],[0.50589584 0.49410416],[0.43896986 0.56103014],[0.58696617 0.41303383],[0.71032125 0.28967875],[0.83344956 0.16655044],[0.89746353 0.10253647],[0.88904164 0.11095836],[0.91998743 0.08001257],[0.12086406 0.87913594]
1179,[0.14106774 0.85893226],[0.18748214 0.81251786],[0.12232983 0.87767017],[0.29906056 0.70093944],[0.25910495 0.74089505],[0.40082289 0.59917711],[0.44862741 0.55137259],[0.39180378 0.60819622],,[0.63846264 0.36153736],[0.72330565 0.27669435],[0.68052164 0.31947836],[0.80717675 0.19282325],[0.84213379 0.15786621],[0.92664757 0.07335243],[0.16799865 0.83200135],[0.145415 0.854585],[0.21023929 0.78976071],[0.21431957 0.78568043],[0.33541449 0.66458551],[0.35797397 0.64202603],[0.39279298 0.60720702],[0.32744112 0.67255888],[0.2644108 0.7355892],[0.37943811 0.62056189],[0.31120344 0.68879656],[0.56934039 0.43065961],[0.74011037 0.25988963],[0.86823221 0.13176779],[0.88615138 0.11384862],[0.968403 0.031597],[0.10093828 0.89906172],[0.14772607 0.85227393],[0.19427542 0.80572458],[0.28298433 0.71701567],[0.29085069 0.70914931],[0.42216522 0.57783478],[0.30574767 0.69425233],[0.42649035 0.57350965],[0.33430065 0.66569935],[0.38250008 0.61749992],[0.47420667 0.52579333],[0.62304323 0.37695677],[0.68474167 0.31525833],[0.80926212 0.19073788],[0.91349934 0.08650066],[0.96086397 0.03913603],[0.07381456 0.92618544],[0.20345823 0.79654177],[0.27700256 0.72299744],[0.16816453 0.83183547],[0.24562837 0.75437163],[0.30392844 0.69607156],[0.32344934 0.67655066],[0.31465404 0.68534596],[0.384923 0.615077],[0.32352208 0.67647792],[0.46484538 0.53515462],[0.59980585 0.40019415],[0.75361502 0.24638498],[0.84251555 0.15748445],[0.8304332 0.1695668],[0.87543439 0.12456561],[0.08029777 0.91970223]
1182,[0.08108469 0.91891531],[0.11029766 0.88970234],[0.06966803 0.93033197],[0.18648321 0.81351679],[0.15817425 0.84182575],[0.26438752 0.73561248],[0.3041807 0.6958193],[0.25712101 0.74287899],[0.36153736 0.63846264],,[0.59392442 0.40607558],[0.54375392 0.45624608],[0.70079011 0.29920989],[0.74903747 0.25096253],[0.87605512 0.12394488],[0.10150768 0.89849232],[0.08692837 0.91307163],[0.12963507 0.87036493],[0.13241328 0.86758672],[0.22019985 0.77980015],[0.23778275 0.76221725],[0.26575016 0.73424984],[0.21408306 0.78591694],[0.16744094 0.83255906],[0.25490145 0.74509855],[0.20178025 0.79821975],[0.42517981 0.57482019],[0.61439788 0.38560212],[0.78662699 0.21337301],[0.8132568 0.1867432],[0.94489745 0.05510255],[0.05910322 0.94089678],[0.08840607 0.91159393],[0.11887041 0.88112959],[0.18087778 0.81912222],[0.18664463 0.81335537],[0.29016211 0.70983789],[0.19769222 0.80230778],[0.29382253 0.70617747],[0.21934234 0.78065766],[0.25737526 0.74262474],[0.33537569 0.66462431],[0.48045491 0.51954509],[0.54858214 0.45141786],[0.70360355 0.29639645],[0.85525487 0.14474513],[0.932143 0.067857],[0.04268749 0.95731251],[0.12504219 0.87495781],[0.17652298 0.82347702],[0.10161592 0.89838408],[0.1541037 0.8458963],[0.19633411 0.80366589],[0.21103958 0.78896042],[0.20437757 0.79562243],[0.25933846 0.74066154],[0.21109493 0.78890507],[0.32705032 0.67294968],[0.45610097 0.54389903],[0.63117963 0.36882037],[0.74957741 0.25042259],[0.73262757 0.26737243],[0.79724796 0.20275204],[0.04480662 0.95519338]
1412,[0.05625716 0.94374284],[0.07727756 0.92272244],[0.04815302 0.95184698],[0.13409276 0.86590724],[0.11263575 0.88736425],[0.19536673 0.80463327],[0.22799124 0.77200876],[0.1895085 0.8104915],[0.27669435 0.72330565],[0.40607558 0.59392442],,[0.45551012 0.54448988],[0.62179338 0.37820662],[0.67690607 0.32309393],[0.83225532 0.16774468],[0.0734761 0.9265239],[0.06264221 0.93735779],[0.09465433 0.90534567],[0.09676622 0.90323378],[0.16542592 0.83457408],[0.1796427 0.8203573],[0.20258937 0.79741063],[0.16051746 0.83948254],[0.12370866 0.87629134],[0.19363908 0.80636092],[0.15070265 0.84929735],[0.34176446 0.65823554],[0.527956 0.472044],[0.72127934 0.27872066],[0.7535092 0.2464908],[0.92329519 0.07670481],[0.04223133 0.95776867],[0.06373588 0.93626412],[0.08650571 0.91349429],[0.13420174 0.86579826],[0.13873249 0.86126751],[0.22296115 0.77703885],[0.14745828 0.85254172],[0.22604379 0.77395621],[0.16473665 0.83526335],[0.19567448 0.80432552],[0.26156186 0.73843814],[0.39362113 0.60637887],[0.46034538 0.53965462],[0.62495209 0.37504791],[0.80573459 0.19426541],[0.90603773 0.09396227],[0.03035055 0.96964945],[0.09117098 0.90882902],[0.13079128 0.86920872],[0.0735569 0.9264431],[0.11338045 0.88661955],[0.1463823 0.8536177],[0.15808231 0.84191769],[0.15276834 0.84723166],[0.19729207 0.80270793],[0.15812656 0.84187344],[0.25436756 0.74563244],[0.37052964 0.62947036],[0.54571816 0.45428184],[0.67753439 0.32246561],[0.65793357 0.34206643],[0.73405337 0.26594663],[0.03071586 0.96928414]
1463,[0.06816833 0.93183167],[0.0931998 0.9068002],[0.0584546 0.9415454],[0.1596952 0.8403048],[0.13477906 0.86522094],[0.22956663 0.77043337],[0.26601413 0.73398587],[0.22296706 0.77703294],[0.31947836 0.68052164],[0.45624608 0.54375392],[0.54448988 0.45551012],,[0.65381864 0.34618136],[0.70646763 0.29353237],[0.85073738 0.14926262],[0.08349508 0.91650492],[0.07129759 0.92870241],[0.10722691 0.89277309],[0.10958536 0.89041464],[0.18547303 0.81452697],[0.20099774 0.79900226],[0.22592098 0.77407902],[0.18009811 0.81990189],[0.13954558 0.86045442],[0.21621942 0.78378058],[0.16932754 0.83067246],[0.3736146 0.6263854],[0.5623342 0.4376658],[0.74829065 0.25170935],[0.77835687 0.22164313],[0.93255933 0.06744067],[0.04821156 0.95178844],[0.07253069 0.92746931],[0.09811324 0.90188676],[0.15115027 0.84884973],[0.15615001 0.84384999],[0.24790952 0.75209048],[0.16576046 0.83423954],[0.25122556 0.74877444],[0.18471872 0.81528128],[0.21842787 0.78157213],[0.28922181 0.71077819],[0.42716774 0.57283226],[0.49493709 0.50506291],[0.65685748 0.34314252],[0.82652965 0.17347035],[0.91719926 0.08280074],[0.03470935 0.96529065],[0.10333369 0.89666631],[0.14738241 0.85261759],[0.08358591 0.91641409],[0.12808845 0.87191155],[0.16457671 0.83542329],[0.17742869 0.82257131],[0.17159693 0.82840307],[0.22018207 0.77981793],[0.17747721 0.82252279],[0.2815568 0.7184432],[0.40341755 0.59658245],[0.57983226 0.42016774],[0.70706334 0.29293666],[0.68843201 0.31156799],[0.76023824 0.23976176],[0.03743374 0.96256626]
1287,[0.03588917 0.96411083],[0.04969988 0.95030012],[0.03062393 0.96937607],[0.08817727 0.91182273],[0.07344431 0.92655569],[0.13166023 0.86833977],[0.15570497 0.84429503],[0.12740981 0.87259019],[0.19282325 0.80717675],[0.29920989 0.70079011],[0.37820662 0.62179338],[0.34618136 0.65381864],,[0.53645073 0.46354927],[0.73266162 0.26733838],[0.04196666 0.95803334],[0.03560025 0.96439975],[0.05459802 0.94540198],[0.05587134 0.94412866],[0.09868468 0.90131532],[0.1079073 0.8920927],[0.12306545 0.87693455],[0.09552986 0.90447014],[0.07233941 0.92766059],[0.11711249 0.88288751],[0.08926617 0.91073383],[0.22287875 0.77712125],[0.38187752 0.61812248],[0.58838402 0.41161598],[0.62805673 0.37194327],[0.86926289 0.13073711],[0.02377702 0.97622298],[0.03624005 0.96375995],[0.04970844 0.95029156],[0.07886747 0.92113253],[0.08170639 0.91829361],[0.13681254 0.86318746],[0.08720861 0.91279139],[0.13891703 0.86108297],[0.09824076 0.90175924],[0.11846167 0.88153833],[0.16363949 0.83636051],[0.26392956 0.73607044],[0.32028122 0.67971878],[0.47928531 0.52071469],[0.69614379 0.30385621],[0.84193018 0.15806982],[0.01699579 0.98300421],[0.05250328 0.94749672],[0.07673858 0.92326142],[0.04201438 0.95798562],[0.06597703 0.93402297],[0.08652765 0.91347235],[0.09397026 0.90602974],[0.09057956 0.90942044],[0.11953583 0.88046417],[0.09399856 0.90600144],[0.15856024 0.84143976],[0.24536769 0.75463231],[0.39887794 0.60112206],[0.53716542 0.46283458],[0.51513826 0.48486174],[0.603904 0.396096],[0.019405 0.980595]
1355,[0.0283824 0.9716176],[0.03942252 0.96057748],[0.02419084 0.97580916],[0.07053379 0.92946621],[0.05855944 0.94144056],[0.10633079 0.89366921],[0.12642317 0.87357683],[0.10280128 0.89719872],[0.15786621 0.84213379],[0.25096253 0.74903747],[0.32309393 0.67690607],[0.29353237 0.70646763],[0.46354927 0.53645073],,[0.69612957 0.30387043],[0.0353236 0.9646764],[0.02993347 0.97006653],[0.04605161 0.95394839],[0.04713555 0.95286445],[0.08384929 0.91615071],[0.09182672 0.90817328],[0.10499182 0.89500818],[0.08112606 0.91887394],[0.06119564 0.93880436],[0.09981362 0.90018638],[0.07572772 0.92427228],[0.19337886 0.80662114],[0.34055521 0.65944479],[0.54439643 0.45560357],[0.58532079 0.41467921],[0.84751248 0.15248752],[0.0199533 0.9800467],[0.03047464 0.96952536],[0.04189349 0.95810651],[0.06679046 0.93320954],[0.06922733 0.93077267],[0.11698933 0.88301067],[0.07395688 0.92604312],[0.11883087 0.88116913],[0.08346593 0.91653407],[0.1009863 0.8990137],[0.14056221 0.85943779],[0.2306086 0.7693914],[0.28257709 0.71742291],[0.43483759 0.56516241],[0.65695803 0.34304197],[0.81659193 0.18340807],[0.01424669 0.98575331],[0.04426941 0.95573059],[0.06496458 0.93503542],[0.03536405 0.96463595],[0.05575447 0.94424553],[0.07337107 0.92662893],[0.07978086 0.92021914],[0.07685872 0.92314128],[0.10192032 0.89807968],[0.07980527 0.92019473],[0.13608271 0.86391729],[0.21370977 0.78629023],[0.35677783 0.64322217],[0.49242609 0.50757391],[0.47036907 0.52963093],[0.56033563 0.43966437],[0.01529146 0.98470854]
1391,[0.01218488 0.98781512],[0.01703499 0.98296501],[0.01035989 0.98964011],[0.03104967 0.96895033],[0.02559386 0.97440614],[0.04783925 0.95216075],[0.05759127 0.94240873],[0.04615102 0.95384898],[0.07335243 0.92664757],[0.12394488 0.87605512],[0.16774468 0.83225532],[0.14926262 0.85073738],[0.26733838 0.73266162],[0.30387043 0.69612957],,[0.01564289 0.98435711],[0.01321475 0.98678525],[0.02052088 0.97947912],[0.02101713 0.97898287],[0.03820294 0.96179706],[0.04203684 0.95796316],[0.04844439 0.95155561],[0.03690248 0.96309752],[0.02751128 0.97248872],[0.04591205 0.95408795],[0.03433693 0.96566307],[0.09423964 0.90576036],[0.18308985 0.81691015],[0.34148659 0.65851341],[0.37987559 0.62012441],[0.7069241 0.2930759],[0.00875847 0.99124153],[0.01345786 0.98654214],[0.018623 0.981377],[0.03012533 0.96987467],[0.03126928 0.96873072],[0.05437273 0.94562727],[0.0334989 0.9665011],[0.05529034 0.94470966],[0.03801962 0.96198038],[0.04648416 0.95351584],[0.06627561 0.93372439],[0.11510655 0.88489345],[0.14598496 0.85401504],[0.25032651 0.74967349],[0.45389044 0.54610956],[0.65896714 0.34103286],[0.0062332 0.9937668],[0.01970631 0.98029369],[0.02927034 0.97072966],[0.01566116 0.98433884],[0.02498542 0.97501458],[0.03322206 0.96677794],[0.03626165 0.96373835],[0.03487308 0.96512692],[0.04694041 0.95305959],[0.03627326 0.96372674],[0.06398725 0.93601275],[0.10551093 0.89448907],[0.19401839 0.80598161],[0.29628971 0.70371029],[0.2782028 0.7217972],[0.35612867 0.64387133],[0.0065147 0.9934853]
1314,[0.43557908 0.56442092],[0.52020689 0.47979311],[0.39574553 0.60425447],[0.66720053 0.33279947],[0.62168355 0.37831645],[0.75864927 0.24135073],[0.79267207 0.20732793],[0.75167946 0.24832054],[0.83200135 0.16799865],[0.89849232 0.10150768],[0.9265239 0.0734761],[0.91650492 0.08349508],[0.95803334 0.04196666],[0.9646764 0.0353236],[0.98435711 0.01564289],,[0.45810957 0.54189043],[0.56944451 0.43055549],[0.57541685 0.42458315],[0.7148938 0.2851062],[0.73475832 0.26524168],[0.76268952 0.23731048],[0.70750299 0.29249701],[0.64104462 0.35895538],[0.75234064 0.24765936],[0.69180463 0.30819537],[0.86786698 0.13213302],[0.93398702 0.06601298],[0.9703584 0.0296416],[0.97479259 0.02520741],[0.99347556 0.00652444],[0.35806474 0.64193526],[0.46269954 0.53730046],[0.54502859 0.45497141],[0.6622557 0.3377443],[0.67080158 0.32919842],[0.78400795 0.21599205],[0.68632492 0.31367508],[0.78699123 0.21300877],[0.71387343 0.28612657],[0.7547519 0.2452481],[0.81754522 0.18245478],[0.89144185 0.10855815],[0.91518998 0.08481002],[0.95470871 0.04529129],[0.98129715 0.01870285],[0.9918686 0.0081314],[0.28364555 0.71635445],[0.55928234 0.44071766],[0.65558708 0.34441292],[0.50109424 0.49890576],[0.61798478 0.38201522],[0.68447379 0.31552621],[0.70372591 0.29627409],[0.6952159 0.3047841],[0.75664348 0.24335652],[0.70379521 0.29620479],[0.81187166 0.18812834],[0.88160577 0.11839423],[0.93825769 0.06174231],[0.96374097 0.03625903],[0.96052337 0.03947663],[0.97215756 0.02784244],[0.29090719 0.70909281]
1112,[0.47801973 0.52198027],[0.56267307 0.43732693],[0.43731212 0.56268788],[0.70405787 0.29594213],[0.66102074 0.33897926],[0.78858788 0.21141212],[0.819395 0.180605],[0.78223448 0.21776552],[0.854585 0.145415],[0.91307163 0.08692837],[0.93735779 0.06264221],[0.92870241 0.07129759],[0.96439975 0.03560025],[0.97006653 0.02993347],[0.98678525 0.01321475],[0.54189043 0.45810957],,[0.60056798 0.39943202],[0.606407 0.393593],[0.74029827 0.25970173],[0.75898948 0.24101052],[0.78511527 0.21488473],[0.73332035 0.26667965],[0.66999182 0.33000818],[0.77545643 0.22454357],[0.71845622 0.28154378],[0.88189265 0.11810735],[0.94146753 0.05853247],[0.97383282 0.02616718],[0.97775918 0.02224082],[0.99425636 0.00574364],[0.38804759 0.61195241],[0.49469209 0.50530791],[0.57660472 0.42339528],[0.69031872 0.30968128],[0.69847782 0.30152218],[0.80493437 0.19506563],[0.71325396 0.28674604],[0.80769951 0.19230049],[0.73933566 0.26066434],[0.77770913 0.22229087],[0.83590246 0.16409754],[0.90324408 0.09675592],[0.92462866 0.07537134],[0.95994178 0.04005822],[0.98351118 0.01648882],[0.99284032 0.00715968],[0.31041014 0.68958986],[0.59061228 0.40938772],[0.68393975 0.31606025],[0.53310751 0.46689249],[0.64776981 0.35223019],[0.71149495 0.28850505],[0.72974931 0.27025069],[0.72169117 0.27830883],[0.77947538 0.22052462],[0.72981486 0.27018514],[0.83068152 0.16931848],[0.89435063 0.10564937],[0.94528261 0.05471739],[0.96796545 0.03203455],[0.96510915 0.03489085],[0.97542644 0.02457356],[0.32742909 0.67257091]
1124,[0.36923074 0.63076926],[0.45127442 0.54872558],[0.33189682 0.66810318],[0.60328128 0.39671872],[0.55485474 0.44514526],[0.70451549 0.29548451],[0.74359025 0.25640975],[0.69660756 0.30339244],[0.78976071 0.21023929],[0.87036493 0.12963507],[0.90534567 0.09465433],[0.89277309 0.10722691],[0.94540198 0.05459802],[0.95394839 0.04605161],[0.97947912 0.02052088],[0.43055549 0.56944451],[0.39943202 0.60056798],,[0.4978861 0.5021139],[0.64721729 0.35278271],[0.66961797 0.33038203],[0.70162315 0.29837685],[0.6389581 0.3610419],[0.56646885 0.43353115],[0.68969471 0.31030529],[0.62154877 0.37845123],[0.82775321 0.17224679],[0.9119089 0.0880911],[0.95992276 0.04007724],[0.96586314 0.03413686],[0.99110395 0.00889605],[0.28982869 0.71017131],[0.38652995 0.61347005],[0.46708794 0.53291206],[0.58926315 0.41073685],[0.59853634 0.40146366],[0.72645989 0.27354011],[0.61551415 0.38448585],[0.72996426 0.27003574],[0.64607461 0.35392539],[0.69246658 0.30753342],[0.7662688 0.2337312],[0.85730835 0.14269165],[0.88758187 0.11241813],[0.93910916 0.06089084],[0.97461185 0.02538815],[0.98891938 0.01108062],[0.22462887 0.77537113],[0.48146037 0.51853963],[0.58206284 0.41793716],[0.42358698 0.57641302],[0.54204072 0.45795928],[0.61348048 0.38651952],[0.63475284 0.36524716],[0.62531651 0.37468349],[0.6946442 0.3053558],[0.6348299 0.3651701],[0.75946989 0.24053011],[0.8449176 0.1550824],[0.91748171 0.08251829],[0.95109302 0.04890698],[0.94681497 0.05318503],[0.96233074 0.03766926],[0.2373295 0.7626705]
1104,[0.36356594 0.63643406],[0.44523939 0.55476061],[0.32650832 0.67349168],[0.59742668 0.40257332],[0.54881996 0.45118004],[0.69941047 0.30058953],[0.73891014 0.26108986],[0.69142577 0.30857423],[0.78568043 0.21431957],[0.86758672 0.13241328],[0.90323378 0.09676622],[0.89041464 0.10958536],[0.94412866 0.05587134],[0.95286445 0.04713555],[0.97898287 0.02101713],[0.42458315 0.57541685],[0.393593 0.606407],[0.5021139 0.4978861],,[0.64968669 0.35031331],[0.67201003 0.32798997],[0.70388597 0.29611403],[0.64145329 0.35854671],[0.56912719 0.43087281],[0.69200827 0.30799173],[0.6240935 0.3759065],[0.82929221 0.17070779],[0.91277521 0.08722479],[0.96033743 0.03966257],[0.96621851 0.03378149],[0.99119896 0.00880104],[0.2920634 0.7079366],[0.38910176 0.61089824],[0.46978528 0.53021472],[0.59188242 0.40811758],[0.6011365 0.3988635],[0.72860721 0.27139279],[0.61807452 0.38192548],[0.73209421 0.26790579],[0.64854767 0.35145233],[0.69476862 0.30523138],[0.76820333 0.23179667],[0.85862839 0.14137161],[0.88865821 0.11134179],[0.93972566 0.06027434],[0.97487852 0.02512148],[0.98903746 0.01096254],[0.22652121 0.77347879],[0.4841653 0.5158347],[0.58469567 0.41530433],[0.42623404 0.57376596],[0.54472846 0.45527154],[0.61604595 0.38395405],[0.6372606 0.3627394],[0.62785107 0.37214893],[0.69693708 0.30306292],[0.63733743 0.36266257],[0.76144316 0.23855684],[0.84633171 0.15366829],[0.91829813 0.08170187],[0.95159444 0.04840556],[0.94735783 0.05264217],[0.96272147 0.03727853],[0.23294103 0.76705897]
1388,[0.23591535 0.76408465],[0.30254457 0.69745543],[0.20762427 0.79237573],[0.44508959 0.55491041],[0.39666478 0.60333522],[0.55705213 0.44294787],[0.60468536 0.39531464],[0.5477312 0.4522688],[0.66458551 0.33541449],[0.77980015 0.22019985],[0.83457408 0.16542592],[0.81452697 0.18547303],[0.90131532 0.09868468],[0.91615071 0.08384929],[0.96179706 0.03820294],[0.2851062 0.7148938],[0.25970173 0.74029827],[0.35278271 0.64721729],[0.35031331 0.64968669],,[0.49762542 0.50237458],[0.53471482 0.46528518],[0.46378571 0.53621429],[0.38971802 0.61028198],[0.52067228 0.47932772],[0.44526302 0.55473698],[0.70137009 0.29862991],[0.83496227 0.16503773],[0.92129605 0.07870395],[0.93255957 0.06744043],[0.98196526 0.01803474],[0.16628724 0.83371276],[0.23543392 0.76456608],[0.29989562 0.70010438],[0.41216174 0.58783826],[0.42150802 0.57849198],[0.56482776 0.43517224],[0.43895477 0.56104523],[0.56917479 0.43082521],[0.47149912 0.52850088],[0.52391177 0.47608823],[0.61571629 0.38428371],[0.74595532 0.25404468],[0.79418184 0.20581816],[0.88286994 0.11713006],[0.94939626 0.05060374],[0.97758729 0.02241271],[0.12402566 0.87597434],[0.31213675 0.68786325],[0.4049917 0.5950083],[0.26424477 0.73575523],[0.36646894 0.63353106],[0.43684167 0.56315833],[0.4592668 0.5407332],[0.44923061 0.55076939],[0.52646675 0.47353325],[0.45934935 0.54065065],[0.6067853 0.3932147],[0.72697454 0.27302546],[0.8445732 0.1554268],[0.90480013 0.09519987],[0.89691162 0.10308838],[0.92584558 0.07415442],[0.14099337 0.85900663]
1155,[0.21843097 0.78156903],[0.28194424 0.71805576],[0.19171055 0.80828945],[0.42063699 0.57936301],[0.3730839 0.6269161],[0.53234945 0.46765055],[0.58063929 0.41936071],[0.52295385 0.47704615],[0.64202603 0.35797397],[0.76221725 0.23778275],[0.8203573 0.1796427],[0.79900226 0.20099774],[0.8920927 0.1079073],[0.90817328 0.09182672],[0.95796316 0.04203684],[0.26524168 0.73475832],[0.24101052 0.75898948],[0.33038203 0.66961797],[0.32798997 0.67201003],[0.50237458 0.49762542],,[0.5351236 0.4648764],[0.46419437 0.53580563],[0.39010889 0.60989111],[0.52108235 0.47891765],[0.44566891 0.55433109],[0.70171413 0.29828587],[0.83518857 0.16481143],[0.92141511 0.07858489],[0.93266283 0.06733717],[0.98199434 0.01800566],[0.16651516 0.83348484],[0.23572982 0.76427018],[0.30024072 0.69975928],[0.4125599 0.5874401],[0.42190873 0.57809127],[0.56523159 0.43476841],[0.43935946 0.56064054],[0.56957767 0.43042233],[0.47190859 0.52809141],[0.5243216 0.4756784],[0.616105 0.383895],[0.74626658 0.25373342],[0.79445029 0.20554971],[0.88303975 0.11696025],[0.94947514 0.05052486],[0.97762326 0.02237674],[0.12420429 0.87579571],[0.31248965 0.68751035],[0.40538772 0.59461228],[0.26456435 0.73543565],[0.36685051 0.63314949],[0.43724593 0.56275407],[0.45967489 0.54032511],[0.44963719 0.55036281],[0.52687636 0.47312364],[0.45975745 0.54024255],[0.60717728 0.39282272],[0.72730055 0.27269945],[0.84478877 0.15521123],[0.90494157 0.09505843],[0.89706345 0.10293655],[0.92595831 0.07404169],[0.12935298 0.87064702]
1173,[0.19412679 0.80587321],[0.25285947 0.74714053],[0.1697338 0.8302662],[0.3849144 0.6150856],[0.3390365 0.6609635],[0.49524948 0.50475052],[0.5440894 0.4559106],[0.48582843 0.51417157],[0.60720702 0.39279298],[0.73424984 0.26575016],[0.79741063 0.20258937],[0.77407902 0.22592098],[0.87693455 0.12306545],[0.89500818 0.10499182],[0.95155561 0.04844439],[0.23731048 0.76268952],[0.21488473 0.78511527],[0.29837685 0.70162315],[0.29611403 0.70388597],[0.46528518 0.53471482],[0.4648764 0.5351236],,[0.4101105 0.5898895],[0.33919245 0.66080755],[0.46613666 0.53386334],[0.39216369 0.60783631],[0.65372043 0.34627957],[0.80263022 0.19736978],[0.90393138 0.09606862],[0.91745735 0.08254265],[0.97766165 0.02233835],[0.13817043 0.86182957],[0.1984078 0.8015922],[0.25612787 0.74387213],[0.36044498 0.63955502],[0.36935538 0.63064462],[0.51059381 0.48940619],[0.38608415 0.61391585],[0.51501743 0.48498257],[0.41762648 0.58237352],[0.4693691 0.5306309],[0.5629167 0.4370833],[0.70240114 0.29759886],[0.75619343 0.24380657],[0.85833089 0.14166911],[0.93781293 0.06218707],[0.97226847 0.02773153],[0.1021789 0.8978211],[0.2672645 0.7327355],[0.35363339 0.64636661],[0.2240152 0.7759848],[0.31738995 0.68261005],[0.38405134 0.61594866],[0.40571887 0.59428113],[0.39599589 0.60400411],[0.47192174 0.52807826],[0.40579902 0.59420098],[0.55364817 0.44635183],[0.68155541 0.31844459],[0.8137039 0.1862961],[0.88425318 0.11574682],[0.8748975 0.1251025],[0.90938596 0.09061404],[0.11352064 0.88647936]
1280,[0.24246348 0.75753652],[0.3101913 0.6898087],[0.21360667 0.78639333],[0.45399395 0.54600605],[0.40530795 0.59469205],[0.56591208 0.43408792],[0.61325402 0.38674598],[0.55662919 0.44337081],[0.67255888 0.32744112],[0.78591694 0.21408306],[0.83948254 0.16051746],[0.81990189 0.18009811],[0.90447014 0.09552986],[0.91887394 0.08112606],[0.96309752 0.03690248],[0.29249701 0.70750299],[0.26667965 0.73332035],[0.3610419 0.6389581],[0.35854671 0.64145329],[0.53621429 0.46378571],[0.53580563 0.46419437],[0.5898895 0.4101105],,[0.42393006 0.57606994],[0.55590857 0.44409143],[0.48051191 0.51948809],[0.73020595 0.26979405],[0.85359118 0.14640882],[0.93098538 0.06901462],[0.9409511 0.0590489],[0.98431272 0.01568728],[0.18689166 0.81310834],[0.26191459 0.73808541],[0.33049261 0.66950739],[0.44690125 0.55309875],[0.45642363 0.54357637],[0.59931602 0.40068398],[0.47413109 0.52586891],[0.60356034 0.39643966],[0.50692701 0.49307299],[0.55911156 0.44088844],[0.64868005 0.35131995],[0.77188622 0.22811378],[0.81640172 0.18359828],[0.89675982 0.10324018],[0.95579214 0.04420786],[0.98049327 0.01950673],[0.14027458 0.85972542],[0.34337012 0.65662988],[0.43957879 0.56042121],[0.29272528 0.70727472],[0.39997766 0.60002234],[0.47199111 0.52800889],[0.4946358 0.5053642],[0.48451926 0.51548074],[0.56163569 0.43836431],[0.49471889 0.50528111],[0.64006732 0.35993268],[0.75420446 0.24579554],[0.86229618 0.13770382],[0.91633587 0.08366413],[0.90930743 0.09069257],[0.93501432 0.06498568],[0.14540822 0.85459178]
1277,[0.30241287 0.69758713],[0.37851909 0.62148091],[0.26895434 0.73104566],[0.52967514 0.47032486],[0.48000813 0.51999187],[0.63843501 0.36156499],[0.68230773 0.31769227],[0.62968816 0.37031184],[0.7355892 0.2644108],[0.83255906 0.16744094],[0.87629134 0.12370866],[0.86045442 0.13954558],[0.92766059 0.07233941],[0.93880436 0.06119564],[0.97248872 0.02751128],[0.35895538 0.64104462],[0.33000818 0.66999182],[0.43353115 0.56646885],[0.43087281 0.56912719],[0.61028198 0.38971802],[0.60989111 0.39010889],[0.66080755 0.33919245],[0.57606994 0.42393006],,[0.63120873 0.36879127],[0.55844179 0.44155821],[0.78726206 0.21273794],[0.88853683 0.11146317],[0.94857115 0.05142885],[0.95611719 0.04388281],[0.9884782 0.0115218],[0.23912133 0.76087867],[0.32668679 0.67331321],[0.40296513 0.59703487],[0.52488779 0.47511221],[0.53446615 0.46553385],[0.67160393 0.32839607],[0.55212599 0.44787401],[0.67549714 0.32450286],[0.58432223 0.41567777],[0.63422597 0.36577403],[0.71627824 0.28372176],[0.82227318 0.17772682],[0.85875514 0.14124486],[0.9223392 0.0776608],[0.96727901 0.03272099],[0.98565817 0.01434183],[0.18239885 0.81760115],[0.41690805 0.58309195],[0.51748305 0.48251695],[0.36138631 0.63861369],[0.47683515 0.52316485],[0.55000217 0.44999783],[0.57233267 0.42766733],[0.56239546 0.43760454],[0.63659957 0.36340043],[0.57241403 0.42758597],[0.7085782 0.2914218],[0.80752315 0.19247685],[0.89541864 0.10458136],[0.93740353 0.06259647],[0.93201363 0.06798637],[0.95162681 0.04837319],[0.18729361 0.81270639]
1305,[0.20309394 0.79690606],[0.26365203 0.73634797],[0.17782282 0.82217718],[0.39833829 0.60166171],[0.35177546 0.64822454],[0.50933494 0.49066506],[0.55802824 0.44197176],[0.49991132 0.50008868],[0.62056189 0.37943811],[0.74509855 0.25490145],[0.80636092 0.19363908],[0.78378058 0.21621942],[0.88288751 0.11711249],[0.90018638 0.09981362],[0.95408795 0.04591205],[0.24765936 0.75234064],[0.22454357 0.77545643],[0.31030529 0.68969471],[0.30799173 0.69200827],[0.47932772 0.52067228],[0.47891765 0.52108235],[0.53386334 0.46613666],[0.44409143 0.55590857],[0.36879127 0.63120873],,[0.42234817 0.57765183],[0.68146625 0.31853375],[0.82169886 0.17830114],[0.91425845 0.08574155],[0.92644872 0.07355128],[0.98023624 0.01976376],[0.15375029 0.84624971],[0.21905352 0.78094648],[0.28067672 0.71932328],[0.38975353 0.61024647],[0.39893652 0.60106348],[0.54176907 0.45823093],[0.41612104 0.58387896],[0.54616136 0.45383864],[0.44832527 0.55167473],[0.50060193 0.49939807],[0.59341303 0.40658697],[0.72787012 0.27212988],[0.77851045 0.22148955],[0.87287045 0.12712955],[0.94472058 0.05527942],[0.97544904 0.02455096],[0.11423837 0.88576163],[0.29246108 0.70753892],[0.38271951 0.61728049],[0.24650613 0.75349387],[0.3450866 0.6549134],[0.41403674 0.58596326],[0.43619795 0.56380205],[0.42626847 0.57373153],[0.50316337 0.49683663],[0.4362797 0.5637203],[0.58431365 0.41568635],[0.70806692 0.29193308],[0.83192671 0.16807329],[0.89645327 0.10354673],[0.88795876 0.11204124],[0.9191791 0.0808209],[0.11931569 0.88068431]
1307,[0.25644988 0.74355012],[0.3264012 0.6735988],[0.22642602 0.77357398],[0.47257044 0.52742956],[0.42343725 0.57656275],[0.5841685 0.4158315],[0.63081828 0.36918172],[0.57498281 0.42501719],[0.68879656 0.31120344],[0.79821975 0.20178025],[0.84929735 0.15070265],[0.83067246 0.16932754],[0.91073383 0.08926617],[0.92427228 0.07572772],[0.96566307 0.03433693],[0.30819537 0.69180463],[0.28154378 0.71845622],[0.37845123 0.62154877],[0.3759065 0.6240935],[0.55473698 0.44526302],[0.55433109 0.44566891],[0.60783631 0.39216369],[0.51948809 0.48051191],[0.44155821 0.55844179],[0.57765183 0.42234817],,[0.74510924 0.25489076],[0.86295788 0.13704212],[0.93577324 0.06422676],[0.94508838 0.05491162],[0.9854588 0.0145412],[0.19888031 0.80111969],[0.27707584 0.72292416],[0.34775323 0.65224677],[0.46600979 0.53399021],[0.47558923 0.52441077],[0.61766382 0.38233618],[0.49336538 0.50663462],[0.62183643 0.37816357],[0.52616056 0.47383944],[0.57800406 0.42199594],[0.66602706 0.33397294],[0.78516451 0.21483549],[0.82766732 0.17233268],[0.9036764 0.0963236],[0.95893495 0.04106505],[0.98191327 0.01808673],[0.14982386 0.85017614],[0.36094071 0.63905929],[0.45863386 0.54136614],[0.30892356 0.69107644],[0.4185983 0.5814017],[0.49121968 0.50878032],[0.51388904 0.48611096],[0.50377125 0.49622875],[0.58050119 0.41949881],[0.51397207 0.48602793],[0.65761513 0.34238487],[0.76820291 0.23179709],[0.87119 0.12881],[0.92205494 0.07794506],[0.91546263 0.08453737],[0.93954082 0.06045918],[0.15494112 0.84505888]
1213,[0.10544258 0.89455742],[0.14207434 0.85792566],[0.09093574 0.90906426],[0.23442561 0.76557439],[0.2006337 0.7993663],[0.3243723 0.6756277],[0.36866907 0.63133093],[0.31616573 0.68383427],[0.43065961 0.56934039],[0.57482019 0.42517981],[0.65823554 0.34176446],[0.6263854 0.3736146],[0.77712125 0.22287875],[0.80662114 0.19337886],[0.90576036 0.09423964],[0.13213302 0.86786698],[0.11810735 0.88189265],[0.17224679 0.82775321],[0.17070779 0.82929221],[0.29862991 0.70137009],[0.29828587 0.70171413],[0.34627957 0.65372043],[0.26979405 0.73020595],[0.21273794 0.78726206],[0.31853375 0.68146625],[0.25489076 0.74510924],,[0.6628285 0.3371715],[0.81977151 0.18022849],[0.84308988 0.15691012],[0.95486743 0.04513257],[0.0719269 0.9280731],[0.10686551 0.89313449],[0.14269517 0.85730483],[0.21411052 0.78588948],[0.2206515 0.7793485],[0.3352557 0.6647443],[0.23313501 0.76686499],[0.33921313 0.66078687],[0.25742124 0.74257876],[0.29952354 0.70047646],[0.38369768 0.61630232],[0.53291923 0.46708077],[0.59989594 0.40010406],[0.74547168 0.25452832],[0.87937373 0.12062627],[0.94428463 0.05571537],[0.05214683 0.94785317],[0.14989351 0.85010649],[0.20915992 0.79084008],[0.12246307 0.87753693],[0.18351935 0.81648065],[0.2316037 0.7683963],[0.24813524 0.75186476],[0.24065941 0.75934059],[0.30167763 0.69832237],[0.24819726 0.75180274],[0.37484931 0.62515069],[0.50850881 0.49149119],[0.67860508 0.32139492],[0.78691811 0.21308189],[0.77172599 0.22827401],[0.8291011 0.1708989],[0.05896586 0.94103414]
1158,[0.05188017 0.94811983],[0.07138882 0.92861118],[0.0443769 0.9556231],[0.12445854 0.87554146],[0.10435737 0.89564263],[0.18225674 0.81774326],[0.21327228 0.78672772],[0.1767053 0.8232947],[0.25988963 0.74011037],[0.38560212 0.61439788],[0.472044 0.527956],[0.4376658 0.5623342],[0.61812248 0.38187752],[0.65944479 0.34055521],[0.81691015 0.18308985],[0.06601298 0.93398702],[0.05853247 0.94146753],[0.0880911 0.9119089],[0.08722479 0.91277521],[0.16503773 0.83496227],[0.16481143 0.83518857],[0.19736978 0.80263022],[0.14640882 0.85359118],[0.11146317 0.88853683],[0.17830114 0.82169886],[0.13704212 0.86295788],[0.3371715 0.6628285],,[0.68951109 0.31048891],[0.72400884 0.27599116],[0.91173476 0.08826524],[0.03645903 0.96354097],[0.05519367 0.94480633],[0.07515674 0.92484326],[0.11739955 0.88260045],[0.12144261 0.87855739],[0.19758222 0.80241778],[0.12924412 0.87075588],[0.20040446 0.79959554],[0.14475061 0.85524939],[0.17271114 0.82728886],[0.23310725 0.76689275],[0.3577604 0.6422396],[0.42264271 0.57735729],[0.58846888 0.41153112],[0.78066524 0.21933476],[0.89218011 0.10781989],[0.0261578 0.9738422],[0.07926306 0.92073694],[0.11435969 0.88564031],[0.0637881 0.9362119],[0.09888737 0.90111263],[0.12828105 0.87171895],[0.13876947 0.86123053],[0.13400137 0.86599863],[0.17418002 0.82581998],[0.1388092 0.8611908],[0.22645559 0.77354441],[0.33560831 0.66439169],[0.50760018 0.49239982],[0.64324629 0.35675371],[0.62272184 0.37727816],[0.70314186 0.29685814],[0.02826655 0.97173345]
1159,[0.02310297 0.97689703],[0.03215748 0.96784252],[0.01967529 0.98032471],[0.05788083 0.94211917],[0.04794374 0.95205626],[0.0878633 0.9121367],[0.10487556 0.89512444],[0.08488856 0.91511144],[0.13176779 0.86823221],[0.21337301 0.78662699],[0.27872066 0.72127934],[0.25170935 0.74829065],[0.41161598 0.58838402],[0.45560357 0.54439643],[0.65851341 0.34148659],[0.0296416 0.9703584],[0.02616718 0.97383282],[0.04007724 0.95992276],[0.03966257 0.96033743],[0.07870395 0.92129605],[0.07858489 0.92141511],[0.09606862 0.90393138],[0.06901462 0.93098538],[0.05142885 0.94857115],[0.08574155 0.91425845],[0.06422676 0.93577324],[0.18022849 0.81977151],[0.31048891 0.68951109],,[0.52056591 0.47943409],[0.81044097 0.18955903],[0.01541999 0.98458001],[0.02360851 0.97639149],[0.03254097 0.96745903],[0.05218253 0.94781747],[0.05411733 0.94588267],[0.0924904 0.9075096],[0.05787877 0.94212123],[0.09398735 0.90601265],[0.06546671 0.93453329],[0.07953673 0.92046327],[0.11175159 0.88824841],[0.18736512 0.81263488],[0.2325338 0.7674662],[0.37180402 0.62819598],[0.59566208 0.40433792],[0.77400775 0.22599225],[0.01099535 0.98900465],[0.03440552 0.96559448],[0.05073428 0.94926572],[0.02742746 0.97257254],[0.04344787 0.95655213],[0.05741242 0.94258758],[0.06252211 0.93747789],[0.06019076 0.93980924],[0.08029008 0.91970992],[0.0625416 0.9374584],[0.10807478 0.89192522],[0.17292294 0.82707706],[0.29907183 0.70092817],[0.42735702 0.57264298],[0.40588392 0.59411608],[0.49504505 0.50495495],[0.01241597 0.98758403]
1253,[0.01962713 0.98037287],[0.02735753 0.97264247],[0.01670633 0.98329367],[0.04943745 0.95056255],[0.04088703 0.95911297],[0.07539624 0.92460376],[0.0902334 0.9097666],[0.0728099 0.9271901],[0.11384862 0.88615138],[0.1867432 0.8132568],[0.2464908 0.7535092],[0.22164313 0.77835687],[0.37194327 0.62805673],[0.41467921 0.58532079],[0.62012441 0.37987559],[0.02520741 0.97479259],[0.02224082 0.97775918],[0.03413686 0.96586314],[0.03378149 0.96621851],[0.06744043 0.93255957],[0.06733717 0.93266283],[0.08254265 0.91745735],[0.0590489 0.9409511],[0.04388281 0.95611719],[0.07355128 0.92644872],[0.05491162 0.94508838],[0.15691012 0.84308988],[0.27599116 0.72400884],[0.47943409 0.52056591],,[0.79662361 0.20337639],[0.01414561 0.98585439],[0.02167228 0.97832772],[0.02989459 0.97010541],[0.04801808 0.95198192],[0.04980659 0.95019341],[0.08539901 0.91460099],[0.05328529 0.94671471],[0.08679216 0.91320784],[0.06030958 0.93969042],[0.07335824 0.92664176],[0.10335159 0.89664841],[0.17439742 0.82560258],[0.21727579 0.78272421],[0.35159411 0.64840589],[0.57441035 0.42558965],[0.75832662 0.24167338],[0.0100829 0.9899171],[0.03161246 0.96838754],[0.04667972 0.95332028],[0.02518611 0.97481389],[0.03995111 0.96004889],[0.05285387 0.94714613],[0.05758264 0.94241736],[0.05542459 0.94457541],[0.07405777 0.92594223],[0.05760068 0.94239932],[0.09992006 0.90007994],[0.16075706 0.83924294],[0.28104665 0.71895335],[0.40607942 0.59392058],[0.38495674 0.61504326],[0.47318212 0.52681788],[0.01053065 0.98946935]
1447,[0.00505863 0.99494137],[0.00709255 0.99290745],[0.00429633 0.99570367],[0.01303607 0.98696393],[0.01071048 0.98928952],[0.02028906 0.97971094],[0.0245699 0.9754301],[0.0195531 0.9804469],[0.031597 0.968403],[0.05510255 0.94489745],[0.07670481 0.92329519],[0.06744067 0.93255933],[0.13073711 0.86926289],[0.15248752 0.84751248],[0.2930759 0.7069241],[0.00652444 0.99347556],[0.00574364 0.99425636],[0.00889605 0.99110395],[0.00880104 0.99119896],[0.01803474 0.98196526],[0.01800566 0.98199434],[0.02233835 0.97766165],[0.01568728 0.98431272],[0.0115218 0.9884782],[0.01976376 0.98023624],[0.0145412 0.9854588],[0.04513257 0.95486743],[0.08826524 0.91173476],[0.18955903 0.81044097],[0.20337639 0.79662361],,[0.00349533 0.99650467],[0.00538611 0.99461389],[0.00747678 0.99252322],[0.0121802 0.9878198],[0.0126516 0.9873484],[0.02231619 0.97768381],[0.01357231 0.98642769],[0.02270579 0.97729421],[0.01544689 0.98455311],[0.01898511 0.98101489],[0.02740485 0.97259515],[0.04910245 0.95089755],[0.06354616 0.93645384],[0.11704042 0.88295958],[0.24808493 0.75191507],[0.43408743 0.56591257],[0.00248374 0.99751626],[0.00791694 0.99208306],[0.0118283 0.9881717],[0.00627632 0.99372368],[0.01007025 0.98992975],[0.01345786 0.98654214],[0.01471668 0.98528332],[0.01414103 0.98585897],[0.01917688 0.98082312],[0.0147215 0.9852785],[0.02642064 0.97357936],[0.04473098 0.95526902],[0.08722516 0.91277484],[0.14320549 0.85679451],[0.13270134 0.86729866],[0.18003724 0.81996276],[0.00269557 0.99730443]
1345,[0.58123383 0.41876617],[0.66101843 0.33898157],[0.54084387 0.45915613],[0.78287756 0.21712244],[0.74718683 0.25281317],[0.84970034 0.15029966],[0.87303589 0.12696411],[0.8448221 0.1551779],[0.89906172 0.10093828],[0.94089678 0.05910322],[0.95776867 0.04223133],[0.95178844 0.04821156],[0.97622298 0.02377702],[0.9800467 0.0199533],[0.99124153 0.00875847],[0.64193526 0.35806474],[0.61195241 0.38804759],[0.71017131 0.28982869],[0.7079366 0.2920634],[0.83371276 0.16628724],[0.83348484 0.16651516],[0.86182957 0.13817043],[0.81310834 0.18689166],[0.76087867 0.23912133],[0.84624971 0.15375029],[0.80111969 0.19888031],[0.9280731 0.0719269],[0.96354097 0.03645903],[0.98458001 0.01541999],[0.98585439 0.01414561],[0.99650467 0.00349533],,[0.60079511 0.39920489],[0.67674704 0.32325296],[0.77410222 0.22589778],[0.78075498 0.21924502],[0.86382581 0.13617419],[0.79269579 0.20730421],[0.86589522 0.13410478],[0.81344165 0.18655835],[0.84321909 0.15678091],[0.88675976 0.11324024],[0.93485725 0.06514275],[0.94964435 0.05035565],[0.97357207 0.02642793],[0.98921183 0.01078817],[0.99533094 0.00466906],[0.40897822 0.59102178],[0.68922716 0.31077284],[0.76887124 0.23112876],[0.63706217 0.36293783],[0.7387076 0.2612924],[0.7912815 0.2087185],[0.80586504 0.19413496],[0.79945275 0.20054725],[0.84456885 0.15543115],[0.80591703 0.19408297],[0.88293028 0.11706972],[0.92864001 0.07135999],[0.9637123 0.0362877],[0.97892552 0.02107448],[0.97702326 0.02297674],[0.98387638 0.01612362],[0.4245756 0.5754244]
1397,[0.47341168 0.52658832],[0.55812153 0.44187847],[0.43277114 0.56722886],[0.70019377 0.29980623],[0.65686857 0.34313143],[0.78549122 0.21450878],[0.81664466 0.18335534],[0.77907082 0.22092918],[0.85227393 0.14772607],[0.91159393 0.08840607],[0.93626412 0.06373588],[0.92746931 0.07253069],[0.96375995 0.03624005],[0.96952536 0.03047464],[0.98654214 0.01345786],[0.53730046 0.46269954],[0.50530791 0.49469209],[0.61347005 0.38652995],[0.61089824 0.38910176],[0.76456608 0.23543392],[0.76427018 0.23572982],[0.8015922 0.1984078],[0.73808541 0.26191459],[0.67331321 0.32668679],[0.78094648 0.21905352],[0.72292416 0.27707584],[0.89313449 0.10686551],[0.94480633 0.05519367],[0.97639149 0.02360851],[0.97832772 0.02167228],[0.99461389 0.00538611],[0.39920489 0.60079511],,[0.58184437 0.41815563],[0.69489575 0.30510425],[0.70298615 0.29701385],[0.80828785 0.19171215],[0.71763067 0.28236933],[0.81101661 0.18898339],[0.74345746 0.25654254],[0.78140355 0.21859645],[0.83883015 0.16116985],[0.90510671 0.09489329],[0.9261133 0.0738867],[0.96076035 0.03923965],[0.98385622 0.01614378],[0.99299154 0.00700846],[0.31503068 0.68496932],[0.5958001 0.4041999],[0.68856853 0.31143147],[0.53845457 0.46154543],[0.65265929 0.34734071],[0.71588781 0.28411219],[0.73396816 0.26603184],[0.72598858 0.27401142],[0.78314863 0.21685137],[0.73403306 0.26596694],[0.83368382 0.16631618],[0.89636482 0.10363518],[0.946384 0.053616],[0.96862542 0.03137458],[0.96582588 0.03417412],[0.97593652 0.02406348],[0.32337339 0.67662661]
1166,[0.39256647 0.60743353],[0.47588339 0.52411661],[0.35419797 0.64580203],[0.62671216 0.37328784],[0.57915052 0.42084948],[0.72469581 0.27530419],[0.76200344 0.23799656],[0.7171111 0.2828889],[0.80572458 0.19427542],[0.88112959 0.11887041],[0.91349429 0.08650571],[0.90188676 0.09811324],[0.95029156 0.04970844],[0.95810651 0.04189349],[0.981377 0.018623],[0.45497141 0.54502859],[0.42339528 0.57660472],[0.53291206 0.46708794],[0.53021472 0.46978528],[0.70010438 0.29989562],[0.69975928 0.30024072],[0.74387213 0.25612787],[0.66950739 0.33049261],[0.59703487 0.40296513],[0.71932328 0.28067672],[0.65224677 0.34775323],[0.85730483 0.14269517],[0.92484326 0.07515674],[0.96745903 0.03254097],[0.97010541 0.02989459],[0.99252322 0.00747678],[0.32325296 0.67674704],[0.41815563 0.58184437],,[0.61476207 0.38523793],[0.62382707 0.37617293],[0.74709701 0.25290299],[0.64037796 0.35962204],[0.75042782 0.24957218],[0.67002163 0.32997837],[0.71466098 0.28533902],[0.78479227 0.21520773],[0.86984236 0.13015764],[0.89777374 0.10222626],[0.94491945 0.05508055],[0.97711697 0.02288303],[0.99002719 0.00997281],[0.24371143 0.75628857],[0.50806467 0.49193533],[0.60771118 0.39228882],[0.44976716 0.55023284],[0.56832363 0.43167637],[0.63839855 0.36160145],[0.65906166 0.34093834],[0.64990697 0.35009303],[0.71674573 0.28325427],[0.65913635 0.34086365],[0.77837634 0.22162366],[0.85836019 0.14163981],[0.92519133 0.07480867],[0.95581359 0.04418641],[0.9519276 0.0480724],[0.96600541 0.03399459],[0.25570841 0.74429159]
1242,[0.28306759 0.71693241],[0.3567954 0.6432046],[0.25097933 0.74902067],[0.5063443 0.4936557],[0.45674048 0.54325952],[0.61659402 0.38340598],[0.66171269 0.33828731],[0.60764352 0.39235648],[0.71701567 0.28298433],[0.81912222 0.18087778],[0.86579826 0.13420174],[0.84884973 0.15115027],[0.92113253 0.07886747],[0.93320954 0.06679046],[0.96987467 0.03012533],[0.3377443 0.6622557],[0.30968128 0.69031872],[0.41073685 0.58926315],[0.40811758 0.59188242],[0.58783826 0.41216174],[0.5874401 0.4125599],[0.63955502 0.36044498],[0.55309875 0.44690125],[0.47511221 0.52488779],[0.61024647 0.38975353],[0.53399021 0.46600979],[0.78588948 0.21411052],[0.88260045 0.11739955],[0.94781747 0.05218253],[0.95198192 0.04801808],[0.9878198 0.0121802],[0.22589778 0.77410222],[0.30510425 0.69489575],[0.38523793 0.61476207],,[0.51188365 0.48811635],[0.65133406 0.34866594],[0.52964626 0.47035374],[0.65534425 0.34465575],[0.56217705 0.43782295],[0.61297849 0.38702151],[0.69752393 0.30247607],[0.80865356 0.19134644],[0.84741243 0.15258757],[0.91560079 0.08439921],[0.96428893 0.03571107],[0.98432037 0.01567963],[0.16928278 0.83071722],[0.39507731 0.60492269],[0.49485535 0.50514465],[0.34076382 0.65923618],[0.45431135 0.54568865],[0.52750706 0.47249294],[0.55004061 0.44995939],[0.54000173 0.45999827],[0.61540636 0.38459364],[0.55012288 0.44987712],[0.68953552 0.31046448],[0.79305768 0.20694232],[0.88663151 0.11336849],[0.93187567 0.06812433],[0.92604734 0.07395266],[0.94728437 0.05271563],[0.1734811 0.8265189]
1211,[0.27533001 0.72466999],[0.34802079 0.65197921],[0.24382057 0.75617943],[0.49673216 0.50326784],[0.44721692 0.55278308],[0.60746439 0.39253561],[0.65305289 0.34694711],[0.59843956 0.40156044],[0.70914931 0.29085069],[0.81335537 0.18664463],[0.86126751 0.13873249],[0.84384999 0.15615001],[0.91829361 0.08170639],[0.93077267 0.06922733],[0.96873072 0.03126928],[0.32919842 0.67080158],[0.30152218 0.69847782],[0.40146366 0.59853634],[0.3988635 0.6011365],[0.57849198 0.42150802],[0.57809127 0.42190873],[0.63064462 0.36935538],[0.54357637 0.45642363],[0.46553385 0.53446615],[0.60106348 0.39893652],[0.52441077 0.47558923],[0.7793485 0.2206515],[0.87855739 0.12144261],[0.94588267 0.05411733],[0.95019341 0.04980659],[0.9873484 0.0126516],[0.21924502 0.78075498],[0.29701385 0.70298615],[0.37617293 0.62382707],[0.48811635 0.51188365],,[0.61948621 0.38051379],[0.49529612 0.50470388],[0.62365105 0.37634895],[0.52808587 0.47191413],[0.57988692 0.42011308],[0.66774293 0.33225707],[0.78646453 0.21353547],[0.82876624 0.17123376],[0.90434665 0.09565335],[0.95923804 0.04076196],[0.98204994 0.01795006],[0.15081038 0.84918962],[0.36272424 0.63727576],[0.46055224 0.53944776],[0.31057498 0.68942502],[0.42047929 0.57952071],[0.4931502 0.5068498],[0.51581832 0.48418168],[0.50570207 0.49429793],[0.58238095 0.41761905],[0.51590134 0.48409866],[0.65935211 0.34064789],[0.76957544 0.23042456],[0.87205429 0.12794571],[0.92260826 0.07739174],[0.91605848 0.08394152],[0.93997809 0.06002191],[0.16803694 0.83196306]
1376,[0.17579354 0.82420646],[0.23056649 0.76943351],[0.15326609 0.84673391],[0.35653474 0.64346526],[0.31232185 0.68767815],[0.46488328 0.53511672],[0.51377676 0.48622324],[0.45551858 0.54448142],[0.57783478 0.42216522],[0.70983789 0.29016211],[0.77703885 0.22296115],[0.75209048 0.24790952],[0.86318746 0.13681254],[0.88301067 0.11698933],[0.94562727 0.05437273],[0.21599205 0.78400795],[0.19506563 0.80493437],[0.27354011 0.72645989],[0.27139279 0.72860721],[0.43517224 0.56482776],[0.43476841 0.56523159],[0.48940619 0.51059381],[0.40068398 0.59931602],[0.32839607 0.67160393],[0.45823093 0.54176907],[0.38233618 0.61766382],[0.6647443 0.3352557],[0.80241778 0.19758222],[0.9075096 0.0924904],[0.91460099 0.08539901],[0.97768381 0.02231619],[0.13617419 0.86382581],[0.19171215 0.80828785],[0.25290299 0.74709701],[0.34866594 0.65133406],[0.38051379 0.61948621],,[0.37029153 0.62970847],[0.49823099 0.50176901],[0.4013872 0.5986128],[0.45268175 0.54731825],[0.54632774 0.45367226],[0.68817357 0.31182643],[0.74359879 0.25640121],[0.84996566 0.15003434],[0.93377884 0.06622116],[0.97039897 0.02960103],[0.09617994 0.90382006],[0.25431874 0.74568126],[0.33843639 0.66156361],[0.21255665 0.78744335],[0.3030203 0.6969797],[0.36829199 0.63170801],[0.38963283 0.61036717],[0.38004882 0.61995118],[0.4552215 0.5447785],[0.38971188 0.61028812],[0.53699677 0.46300323],[0.66680399 0.33319601],[0.8033074 0.1966926],[0.8771996 0.1228004],[0.86735932 0.13264068],[0.90369717 0.09630283],[0.10183783 0.89816217]
1400,[0.26135714 0.73864286],[0.33204924 0.66795076],[0.2309372 0.7690628],[0.47894939 0.52105061],[0.42969329 0.57030671],[0.59036768 0.40963232],[0.63675445 0.36324555],[0.58122076 0.41877924],[0.69425233 0.30574767],[0.80230778 0.19769222],[0.85254172 0.14745828],[0.83423954 0.16576046],[0.91279139 0.08720861],[0.92604312 0.07395688],[0.9665011 0.0334989],[0.31367508 0.68632492],[0.28674604 0.71325396],[0.38448585 0.61551415],[0.38192548 0.61807452],[0.56104523 0.43895477],[0.56064054 0.43935946],[0.61391585 0.38608415],[0.52586891 0.47413109],[0.44787401 0.55212599],[0.58387896 0.41612104],[0.50663462 0.49336538],[0.76686499 0.23313501],[0.87075588 0.12924412],[0.94212123 0.05787877],[0.94671471 0.05328529],[0.98642769 0.01357231],[0.20730421 0.79269579],[0.28236933 0.71763067],[0.35962204 0.64037796],[0.47035374 0.52964626],[0.50470388 0.49529612],[0.62970847 0.37029153],,[0.62861457 0.37138543],[0.53336671 0.46663329],[0.58504358 0.41495642],[0.67243037 0.32756963],[0.7900038 0.2099962],[0.83175436 0.16824564],[0.90616518 0.09383482],[0.96005908 0.03994092],[0.98241992 0.01758008],[0.15354601 0.84645399],[0.36763971 0.63236029],[0.46582437 0.53417563],[0.31513321 0.68486679],[0.42565465 0.57434535],[0.49845069 0.50154931],[0.52111196 0.47888804],[0.51100145 0.48899855],[0.58752877 0.41247123],[0.52119491 0.47880509],[0.66409839 0.33590161],[0.77331396 0.22668604],[0.8744015 0.1255985],[0.92410874 0.07589126],[0.91767462 0.08232538],[0.94116328 0.05883672],[0.15831956 0.84168044]
1429,[0.1732428 0.8267572],[0.22744031 0.77255969],[0.15098234 0.84901766],[0.35248302 0.64751698],[0.30853166 0.69146834],[0.46048142 0.53951858],[0.5093526 0.4906474],[0.45113063 0.54886937],[0.57350965 0.42649035],[0.70617747 0.29382253],[0.77395621 0.22604379],[0.74877444 0.25122556],[0.86108297 0.13891703],[0.88116913 0.11883087],[0.94470966 0.05529034],[0.21300877 0.78699123],[0.19230049 0.80769951],[0.27003574 0.72996426],[0.26790579 0.73209421],[0.43082521 0.56917479],[0.43042233 0.56957767],[0.48498257 0.51501743],[0.39643966 0.60356034],[0.32450286 0.67549714],[0.45383864 0.54616136],[0.37816357 0.62183643],[0.66078687 0.33921313],[0.79959554 0.20040446],[0.90601265 0.09398735],[0.91320784 0.08679216],[0.97729421 0.02270579],[0.13410478 0.86589522],[0.18898339 0.81101661],[0.24957218 0.75042782],[0.34465575 0.65534425],[0.37634895 0.62365105],[0.50176901 0.49823099],[0.37138543 0.62861457],,[0.39961614 0.60038386],[0.45085483 0.54914517],[0.54449887 0.45550113],[0.68658848 0.31341152],[0.7421899 0.2578101],[0.84902256 0.15097744],[0.93332126 0.06667874],[0.97018635 0.02981365],[0.09554062 0.90445938],[0.25292243 0.74707757],[0.33678683 0.66321317],[0.21132465 0.78867535],[0.3014647 0.6985353],[0.36657753 0.63342247],[0.38788003 0.61211997],[0.37831241 0.62168759],[0.45339282 0.54660718],[0.38795895 0.61204105],[0.53516229 0.46483771],[0.66516313 0.33483687],[0.8021393 0.1978607],[0.87640281 0.12359719],[0.86650839 0.13349161],[0.9030533 0.0969467],[0.10022968 0.89977032]
1395,[0.236818 0.763182],[0.30360086 0.69639914],[0.2084482 0.7915518],[0.44632507 0.55367493],[0.39786221 0.60213779],[0.55828572 0.44171428],[0.60588015 0.39411985],[0.54896972 0.45103028],[0.66569935 0.33430065],[0.78065766 0.21934234],[0.83526335 0.16473665],[0.81528128 0.18471872],[0.90175924 0.09824076],[0.91653407 0.08346593],[0.96198038 0.03801962],[0.28612657 0.71387343],[0.26066434 0.73933566],[0.35392539 0.64607461],[0.35145233 0.64854767],[0.52850088 0.47149912],[0.52809141 0.47190859],[0.58237352 0.41762648],[0.49307299 0.50692701],[0.41567777 0.58432223],[0.55167473 0.44832527],[0.47383944 0.52616056],[0.74257876 0.25742124],[0.85524939 0.14475061],[0.93453329 0.06546671],[0.93969042 0.06030958],[0.98455311 0.01544689],[0.18655835 0.81344165],[0.25654254 0.74345746],[0.32997837 0.67002163],[0.43782295 0.56217705],[0.47191413 0.52808587],[0.5986128 0.4013872],[0.46663329 0.53336671],[0.60038386 0.39961614],,[0.55926396 0.44073604],[0.64882093 0.35117907],[0.77199506 0.22800494],[0.81649437 0.18350563],[0.89681705 0.10318295],[0.95581826 0.04418174],[0.9805051 0.0194949],[0.14034916 0.85965084],[0.34350952 0.65649048],[0.4397311 0.5602689],[0.2928533 0.7071467],[0.40012604 0.59987396],[0.47214519 0.52785481],[0.49479035 0.50520965],[0.48467367 0.51532633],[0.5617879 0.4382121],[0.49487344 0.50512656],[0.64020974 0.35979026],[0.75431905 0.24568095],[0.86236957 0.13763043],[0.91638325 0.08361675],[0.9093584 0.0906416],[0.93505187 0.06494813],[0.14160014 0.85839986]
1161,[0.20100065 0.79899935],[0.2611391 0.7388609],[0.1759325 0.8240675],[0.39523067 0.60476933],[0.34882049 0.65117951],[0.50608977 0.49391023],[0.55482364 0.44517636],[0.49666542 0.50333458],[0.61749992 0.38250008],[0.74262474 0.25737526],[0.80432552 0.19567448],[0.78157213 0.21842787],[0.88153833 0.11846167],[0.8990137 0.1009863],[0.95351584 0.04648416],[0.2452481 0.7547519],[0.22229087 0.77770913],[0.30753342 0.69246658],[0.30523138 0.69476862],[0.47608823 0.52391177],[0.4756784 0.5243216],[0.5306309 0.4693691],[0.44088844 0.55911156],[0.36577403 0.63422597],[0.49939807 0.50060193],[0.42199594 0.57800406],[0.70047646 0.29952354],[0.82728886 0.17271114],[0.92046327 0.07953673],[0.92664176 0.07335824],[0.98101489 0.01898511],[0.15678091 0.84321909],[0.21859645 0.78140355],[0.28533902 0.71466098],[0.38702151 0.61297849],[0.42011308 0.57988692],[0.54731825 0.45268175],[0.41495642 0.58504358],[0.54914517 0.45085483],[0.44073604 0.55926396],,[0.59118237 0.40881763],[0.72603657 0.27396343],[0.77691353 0.22308647],[0.87184186 0.12815814],[0.94423618 0.05576382],[0.97522685 0.02477315],[0.11330697 0.88669303],[0.29055327 0.70944673],[0.38053959 0.61946041],[0.24479438 0.75520562],[0.34300191 0.65699809],[0.41179743 0.58820257],[0.43392755 0.56607245],[0.42401088 0.57598912],[0.50085405 0.49914595],[0.4340092 0.5659908],[0.58206822 0.41793178],[0.7061538 0.2938462],[0.83063112 0.16936888],[0.89559266 0.10440734],[0.88703645 0.11296355],[0.9184902 0.0815098],[0.11795809 0.88204191]
1332,[0.14732505 0.85267495],[0.19533005 0.80466995],[0.12787973 0.87212027],[0.30979826 0.69020174],[0.26895853 0.73104147],[0.4130612 0.5869388],[0.46120183 0.53879817],[0.40395237 0.59604763],[0.52579333 0.47420667],[0.66462431 0.33537569],[0.73843814 0.26156186],[0.71077819 0.28922181],[0.83636051 0.16363949],[0.85943779 0.14056221],[0.93372439 0.06627561],[0.18245478 0.81754522],[0.16409754 0.83590246],[0.2337312 0.7662688],[0.23179667 0.76820333],[0.38428371 0.61571629],[0.383895 0.616105],[0.4370833 0.5629167],[0.35131995 0.64868005],[0.28372176 0.71627824],[0.40658697 0.59341303],[0.33397294 0.66602706],[0.61630232 0.38369768],[0.76689275 0.23310725],[0.88824841 0.11175159],[0.89664841 0.10335159],[0.97259515 0.02740485],[0.11324024 0.88675976],[0.16116985 0.83883015],[0.21520773 0.78479227],[0.30247607 0.69752393],[0.33225707 0.66774293],[0.45367226 0.54632774],[0.32756963 0.67243037],[0.45550113 0.54449887],[0.35117907 0.64882093],[0.40881763 0.59118237],,[0.64973873 0.35026127],[0.7091078 0.2908922],[0.82644349 0.17355651],[0.92219394 0.07780606],[0.96498023 0.03501977],[0.08210283 0.91789717],[0.22280172 0.77719828],[0.30069861 0.69930139],[0.18493156 0.81506844],[0.26763403 0.73236597],[0.32888009 0.67111991],[0.34919961 0.65080039],[0.34005605 0.65994395],[0.41258275 0.58741725],[0.34927515 0.65072485],[0.49363901 0.50636099],[0.62716221 0.37283779],[0.77441169 0.22558831],[0.85722995 0.14277005],[0.84607025 0.15392975],[0.88748381 0.11251619],[0.08412352 0.91587648]
1270,[0.08615701 0.91384299],[0.11696481 0.88303519],[0.07408375 0.92591625],[0.19673722 0.80326278],[0.16719157 0.83280843],[0.27746418 0.72253582],[0.31837371 0.68162629],[0.26997016 0.73002984],[0.37695677 0.62304323],[0.51954509 0.48045491],[0.60637887 0.39362113],[0.57283226 0.42716774],[0.73607044 0.26392956],[0.7693914 0.2306086],[0.88489345 0.11510655],[0.10855815 0.89144185],[0.09675592 0.90324408],[0.14269165 0.85730835],[0.14137161 0.85862839],[0.25404468 0.74595532],[0.25373342 0.74626658],[0.29759886 0.70240114],[0.22811378 0.77188622],[0.17772682 0.82227318],[0.27212988 0.72787012],[0.21483549 0.78516451],[0.46708077 0.53291923],[0.6422396 0.3577604],[0.81263488 0.18736512],[0.82560258 0.17439742],[0.95089755 0.04910245],[0.06514275 0.93485725],[0.09489329 0.90510671],[0.13015764 0.86984236],[0.19134644 0.80865356],[0.21353547 0.78646453],[0.31182643 0.68817357],[0.2099962 0.7900038],[0.31341152 0.68658848],[0.22800494 0.77199506],[0.27396343 0.72603657],[0.35026127 0.64973873],,[0.53319971 0.46680029],[0.69052354 0.30947646],[0.84741593 0.15258407],[0.9281181 0.0718819],[0.04022643 0.95977357],[0.11842048 0.88157952],[0.16769758 0.83230242],[0.09609851 0.90390149],[0.14620016 0.85379984],[0.18674284 0.81325716],[0.20090952 0.79909048],[0.19448846 0.80551154],[0.24761764 0.75238236],[0.20096289 0.79903711],[0.31356484 0.68643516],[0.44077965 0.55922035],[0.61664492 0.38335508],[0.7377701 0.2622299],[0.72031927 0.27968073],[0.78704975 0.21295025],[0.0477274 0.9522726]
1359,[0.06694135 0.93305865],[0.09156654 0.90843346],[0.05739169 0.94260831],[0.15709854 0.84290146],[0.13252364 0.86747636],[0.2261396 0.7738604],[0.26222819 0.73777181],[0.21961047 0.78038953],[0.31525833 0.68474167],[0.45141786 0.54858214],[0.53965462 0.46034538],[0.50506291 0.49493709],[0.67971878 0.32028122],[0.71742291 0.28257709],[0.85401504 0.14598496],[0.08481002 0.91518998],[0.07537134 0.92462866],[0.11241813 0.88758187],[0.11134179 0.88865821],[0.20581816 0.79418184],[0.20554971 0.79445029],[0.24380657 0.75619343],[0.18359828 0.81640172],[0.14124486 0.85875514],[0.22148955 0.77851045],[0.17233268 0.82766732],[0.40010406 0.59989594],[0.57735729 0.42264271],[0.7674662 0.2325338],[0.78272421 0.21727579],[0.93645384 0.06354616],[0.05035565 0.94964435],[0.0738867 0.9261133],[0.10222626 0.89777374],[0.15258757 0.84741243],[0.17123376 0.82876624],[0.25640121 0.74359879],[0.16824564 0.83175436],[0.2578101 0.7421899],[0.18350563 0.81649437],[0.22308647 0.77691353],[0.2908922 0.7091078],[0.46680029 0.53319971],,[0.64904133 0.35095867],[0.82152822 0.17847178],[0.91454169 0.08545831],[0.03357204 0.96642796],[0.10018113 0.89981887],[0.14310046 0.85689954],[0.08098141 0.91901859],[0.12428534 0.87571466],[0.15988889 0.84011111],[0.17245036 0.82754964],[0.16674906 0.83325094],[0.2143167 0.7856833],[0.1724978 0.8275022],[0.27463227 0.72536773],[0.39514437 0.60485563],[0.57140641 0.42859359],[0.69986825 0.30013175],[0.68098577 0.31901423],[0.75389462 0.24610538],[0.03673815 0.96326185]
1103,[0.03542654 0.96457346],[0.04906829 0.95093171],[0.03022705 0.96977295],[0.08710152 0.91289848],[0.072534 0.927466],[0.1301297 0.8698703],[0.15394447 0.84605553],[0.12592152 0.87407848],[0.19073788 0.80926212],[0.29639645 0.70360355],[0.37504791 0.62495209],[0.34314252 0.65685748],[0.52071469 0.47928531],[0.56516241 0.43483759],[0.74967349 0.25032651],[0.04529129 0.95470871],[0.04005822 0.95994178],[0.06089084 0.93910916],[0.06027434 0.93972566],[0.11713006 0.88286994],[0.11696025 0.88303975],[0.14166911 0.85833089],[0.10324018 0.89675982],[0.0776608 0.9223392],[0.12712955 0.87287045],[0.0963236 0.9036764],[0.25452832 0.74547168],[0.41153112 0.58846888],[0.62819598 0.37180402],[0.64840589 0.35159411],[0.88295958 0.11704042],[0.02642793 0.97357207],[0.03923965 0.96076035],[0.05508055 0.94491945],[0.08439921 0.91560079],[0.09565335 0.90434665],[0.15003434 0.84996566],[0.09383482 0.90616518],[0.15097744 0.84902256],[0.10318295 0.89681705],[0.12815814 0.87184186],[0.17355651 0.82644349],[0.30947646 0.69052354],[0.35095867 0.64904133],,[0.70140585 0.29859415],[0.84522887 0.15477113],[0.01741855 0.98258145],[0.05376094 0.94623906],[0.07852865 0.92147135],[0.0430322 0.9569678],[0.06753443 0.93246557],[0.08852417 0.91147583],[0.09612044 0.90387956],[0.09266009 0.90733991],[0.1221921 0.8778079],[0.09614933 0.90385067],[0.16192421 0.83807579],[0.25002611 0.74997389],[0.4048871 0.5951129],[0.54337473 0.45662527],[0.52137978 0.47862022],[0.60986823 0.39013177],[0.01915064 0.98084936]
1389,[0.01454104 0.98545896],[0.02030972 0.97969028],[0.01236757 0.98763243],[0.03691733 0.96308267],[0.03046292 0.96953708],[0.0566941 0.9433059],[0.06812205 0.93187795],[0.05471135 0.94528865],[0.08650066 0.91349934],[0.14474513 0.85525487],[0.19426541 0.80573459],[0.17347035 0.82652965],[0.30385621 0.69614379],[0.34304197 0.65695803],[0.54610956 0.45389044],[0.01870285 0.98129715],[0.01648882 0.98351118],[0.02538815 0.97461185],[0.02512148 0.97487852],[0.05060374 0.94939626],[0.05052486 0.94947514],[0.06218707 0.93781293],[0.04420786 0.95579214],[0.03272099 0.96727901],[0.05527942 0.94472058],[0.04106505 0.95893495],[0.12062627 0.87937373],[0.21933476 0.78066524],[0.40433792 0.59566208],[0.42558965 0.57441035],[0.75191507 0.24808493],[0.01078817 0.98921183],[0.01614378 0.98385622],[0.02288303 0.97711697],[0.03571107 0.96428893],[0.04076196 0.95923804],[0.06622116 0.93377884],[0.03994092 0.96005908],[0.06667874 0.93332126],[0.04418174 0.95581826],[0.05576382 0.94423618],[0.07780606 0.92219394],[0.15258407 0.84741593],[0.17847178 0.82152822],[0.29859415 0.70140585],,[0.69089593 0.30910407],[0.00720323 0.99279677],[0.02272512 0.97727488],[0.03370389 0.96629611],[0.01807172 0.98192828],[0.02878919 0.97121081],[0.03823061 0.96176939],[0.04170867 0.95829133],[0.0401202 0.9598798],[0.05390182 0.94609818],[0.04172196 0.95827804],[0.07328236 0.92671764],[0.12006426 0.87993574],[0.21780709 0.78219291],[0.32752233 0.67247767],[0.3083643 0.6916357],[0.39017173 0.60982827],[0.00778307 0.99221693]
1212,[0.00630686 0.99369314],[0.00883819 0.99116181],[0.00535747 0.99464253],[0.01622065 0.98377935],[0.01333462 0.98666538],[0.02520023 0.97479977],[0.03048505 0.96951495],[0.02429054 0.97570946],[0.03913603 0.96086397],[0.067857 0.932143],[0.09396227 0.90603773],[0.08280074 0.91719926],[0.15806982 0.84193018],[0.18340807 0.81659193],[0.34103286 0.65896714],[0.0081314 0.9918686],[0.00715968 0.99284032],[0.01108062 0.98891938],[0.01096254 0.98903746],[0.02241271 0.97758729],[0.02237674 0.97762326],[0.02773153 0.97226847],[0.01950673 0.98049327],[0.01434183 0.98565817],[0.02455096 0.97544904],[0.01808673 0.98191327],[0.05571537 0.94428463],[0.10781989 0.89218011],[0.22599225 0.77400775],[0.24167338 0.75832662],[0.56591257 0.43408743],[0.00466906 0.99533094],[0.00700846 0.99299154],[0.00997281 0.99002719],[0.01567963 0.98432037],[0.01795006 0.98204994],[0.02960103 0.97039897],[0.01758008 0.98241992],[0.02981365 0.97018635],[0.0194949 0.9805051],[0.02477315 0.97522685],[0.03501977 0.96498023],[0.0718819 0.9281181],[0.08545831 0.91454169],[0.15477113 0.84522887],[0.30910407 0.69089593],,[0.00304635 0.99695365],[0.00969828 0.99030172],[0.01447686 0.98552314],[0.00769138 0.99230862],[0.01233007 0.98766993],[0.01646523 0.98353477],[0.01800022 0.98199978],[0.01729839 0.98270161],[0.0234319 0.9765681],[0.0180061 0.9819939],[0.03223012 0.96776988],[0.05434189 0.94565811],[0.10496315 0.89503685],[0.17020478 0.82979522],[0.15808563 0.84191437],[0.2122603 0.7877397],[0.00336268 0.99663732]
1222,[0.66161879 0.33838121],[0.73312033 0.26687967],[0.62396601 0.37603399],[0.83550977 0.16449023],[0.80633049 0.19366951],[0.8884424 0.1115576],[0.90642527 0.09357473],[0.8846509 0.1153491],[0.92618544 0.07381456],[0.95731251 0.04268749],[0.96964945 0.03035055],[0.96529065 0.03470935],[0.98300421 0.01699579],[0.98575331 0.01424669],[0.9937668 0.0062332],[0.71635445 0.28364555],[0.68958986 0.31041014],[0.77537113 0.22462887],[0.77347879 0.22652121],[0.87597434 0.12402566],[0.87579571 0.12420429],[0.8978211 0.1021789],[0.85972542 0.14027458],[0.81760115 0.18239885],[0.88576163 0.11423837],[0.85017614 0.14982386],[0.94785317 0.05214683],[0.9738422 0.0261578],[0.98900465 0.01099535],[0.9899171 0.0100829],[0.99751626 0.00248374],[0.59102178 0.40897822],[0.68496932 0.31503068],[0.75628857 0.24371143],[0.83071722 0.16928278],[0.84918962 0.15081038],[0.90382006 0.09617994],[0.84645399 0.15354601],[0.90445938 0.09554062],[0.85965084 0.14034916],[0.88669303 0.11330697],[0.91789717 0.08210283],[0.95977357 0.04022643],[0.96642796 0.03357204],[0.98258145 0.01741855],[0.99279677 0.00720323],[0.99695365 0.00304635],,[0.74538675 0.25461325],[0.81451176 0.18548824],[0.69852513 0.30147487],[0.7886673 0.2113327],[0.83345527 0.16654473],[0.84566679 0.15433321],[0.84030864 0.15969136],[0.87764034 0.12235966],[0.84571017 0.15428983],[0.90872167 0.09127833],[0.94498861 0.05501139],[0.97226579 0.02773421],[0.98395277 0.01604723],[0.98249617 0.01750383],[0.98773741 0.01226259],[0.50966335 0.49033665]
1266,[0.37890861 0.62109139],[0.46152927 0.53847073],[0.34112535 0.65887465],[0.6131307 0.3868693],[0.56503961 0.43496039],[0.71304703 0.28695297],[0.75139171 0.24860829],[0.70527192 0.29472808],[0.79654177 0.20345823],[0.87495781 0.12504219],[0.90882902 0.09117098],[0.89666631 0.10333369],[0.94749672 0.05250328],[0.95573059 0.04426941],[0.98029369 0.01970631],[0.44071766 0.55928234],[0.40938772 0.59061228],[0.51853963 0.48146037],[0.5158347 0.4841653],[0.68786325 0.31213675],[0.68751035 0.31248965],[0.7327355 0.2672645],[0.65662988 0.34337012],[0.58309195 0.41690805],[0.70753892 0.29246108],[0.63905929 0.36094071],[0.85010649 0.14989351],[0.92073694 0.07926306],[0.96559448 0.03440552],[0.96838754 0.03161246],[0.99208306 0.00791694],[0.31077284 0.68922716],[0.4041999 0.5958001],[0.49193533 0.50806467],[0.60492269 0.39507731],[0.63727576 0.36272424],[0.74568126 0.25431874],[0.63236029 0.36763971],[0.74707757 0.25292243],[0.65649048 0.34350952],[0.70944673 0.29055327],[0.77719828 0.22280172],[0.88157952 0.11842048],[0.89981887 0.10018113],[0.94623906 0.05376094],[0.97727488 0.02272512],[0.99030172 0.00969828],[0.25461325 0.74538675],,[0.60177394 0.39822606],[0.44362797 0.55637203],[0.5622197 0.4377803],[0.632645 0.367355],[0.65345842 0.34654158],[0.6442345 0.3557655],[0.71167578 0.28832422],[0.65353369 0.34646631],[0.77406177 0.22593823],[0.85531331 0.14468669],[0.92345388 0.07654612],[0.95475257 0.04524743],[0.95077807 0.04922193],[0.9651802 0.0348198],[0.24489238 0.75510762]
1246,[0.28912796 0.71087204],[0.36363364 0.63636636],[0.25659859 0.74340141],[0.51375936 0.48624064],[0.46411206 0.53588794],[0.62358414 0.37641586],[0.66832271 0.33167729],[0.61469485 0.38530515],[0.72299744 0.27700256],[0.82347702 0.17652298],[0.86920872 0.13079128],[0.85261759 0.14738241],[0.92326142 0.07673858],[0.93503542 0.06496458],[0.97072966 0.02927034],[0.34441292 0.65558708],[0.31606025 0.68393975],[0.41793716 0.58206284],[0.41530433 0.58469567],[0.5950083 0.4049917],[0.59461228 0.40538772],[0.64636661 0.35363339],[0.56042121 0.43957879],[0.48251695 0.51748305],[0.61728049 0.38271951],[0.54136614 0.45863386],[0.79084008 0.20915992],[0.88564031 0.11435969],[0.94926572 0.05073428],[0.95332028 0.04667972],[0.9881717 0.0118283],[0.23112876 0.76887124],[0.31143147 0.68856853],[0.39228882 0.60771118],[0.50514465 0.49485535],[0.53944776 0.46055224],[0.66156361 0.33843639],[0.53417563 0.46582437],[0.66321317 0.33678683],[0.5602689 0.4397311],[0.61946041 0.38053959],[0.69930139 0.30069861],[0.83230242 0.16769758],[0.85689954 0.14310046],[0.92147135 0.07852865],[0.96629611 0.03370389],[0.98552314 0.01447686],[0.18548824 0.81451176],[0.39822606 0.60177394],,[0.34564613 0.65435387],[0.45968611 0.54031389],[0.53290211 0.46709789],[0.55539522 0.44460478],[0.54537707 0.45462293],[0.62051976 0.37948024],[0.5554773 0.4445227],[0.69415316 0.30584684],[0.79658981 0.20341019],[0.88879047 0.11120953],[0.93323789 0.06676211],[0.92751704 0.07248296],[0.94835555 0.05164445],[0.17777705 0.82222295]
1181,[0.43528746 0.56471254],[0.5199108 0.4800892],[0.39546189 0.60453811],[0.66693707 0.33306293],[0.6214045 0.3785955],[0.75843199 0.24156801],[0.79247704 0.20752296],[0.75145796 0.24854204],[0.83183547 0.16816453],[0.89838408 0.10161592],[0.9264431 0.0735569],[0.91641409 0.08358591],[0.95798562 0.04201438],[0.96463595 0.03536405],[0.98433884 0.01566116],[0.49890576 0.50109424],[0.46689249 0.53310751],[0.57641302 0.42358698],[0.57376596 0.42623404],[0.73575523 0.26424477],[0.73543565 0.26456435],[0.7759848 0.2240152],[0.70727472 0.29272528],[0.63861369 0.36138631],[0.75349387 0.24650613],[0.69107644 0.30892356],[0.87753693 0.12246307],[0.9362119 0.0637881],[0.97257254 0.02742746],[0.97481389 0.02518611],[0.99372368 0.00627632],[0.36293783 0.63706217],[0.46154543 0.53845457],[0.55023284 0.44976716],[0.65923618 0.34076382],[0.68942502 0.31057498],[0.78744335 0.21255665],[0.68486679 0.31513321],[0.78867535 0.21132465],[0.7071467 0.2928533],[0.75520562 0.24479438],[0.81506844 0.18493156],[0.90390149 0.09609851],[0.91901859 0.08098141],[0.9569678 0.0430322],[0.98192828 0.01807172],[0.99230862 0.00769138],[0.30147487 0.69852513],[0.55637203 0.44362797],[0.65435387 0.34564613],,[0.60274188 0.39725812],[0.67046922 0.32953078],[0.69018908 0.30981092],[0.68146624 0.31853376],[0.74464714 0.25535286],[0.69026015 0.30973985],[0.80188497 0.19811503],[0.87474979 0.12525021],[0.93443834 0.06556166],[0.96143321 0.03856679],[0.95801974 0.04198026],[0.97036902 0.02963098],[0.29066254 0.70933746]
1458,[0.32367439 0.67632561],[0.4020475 0.5979525],[0.2888375 0.7111625],[0.55422041 0.44577959],[0.50472173 0.49527827],[0.66093769 0.33906231],[0.70334865 0.29665135],[0.65243886 0.34756114],[0.75437163 0.24562837],[0.8458963 0.1541037],[0.88661955 0.11338045],[0.87191155 0.12808845],[0.93402297 0.06597703],[0.94424553 0.05575447],[0.97501458 0.02498542],[0.38201522 0.61798478],[0.35223019 0.64776981],[0.45795928 0.54204072],[0.45527154 0.54472846],[0.63353106 0.36646894],[0.63314949 0.36685051],[0.68261005 0.31738995],[0.60002234 0.39997766],[0.52316485 0.47683515],[0.6549134 0.3450866],[0.5814017 0.4185983],[0.81648065 0.18351935],[0.90111263 0.09888737],[0.95655213 0.04344787],[0.96004889 0.03995111],[0.98992975 0.01007025],[0.2612924 0.7387076],[0.34734071 0.65265929],[0.43167637 0.56832363],[0.54568865 0.45431135],[0.57952071 0.42047929],[0.6969797 0.3030203],[0.57434535 0.42565465],[0.6985353 0.3014647],[0.59987396 0.40012604],[0.65699809 0.34300191],[0.73236597 0.26763403],[0.85379984 0.14620016],[0.87571466 0.12428534],[0.93246557 0.06753443],[0.97121081 0.02878919],[0.98766993 0.01233007],[0.2113327 0.7886673],[0.4377803 0.5622197],[0.54031389 0.45968611],[0.39725812 0.60274188],,[0.57374168 0.42625832],[0.59575998 0.40424002],[0.58597334 0.41402666],[0.65860634 0.34139366],[0.59584003 0.40415997],[0.72808791 0.27191209],[0.82207216 0.17792784],[0.90411268 0.09588732],[0.94283014 0.05716986],[0.93787653 0.06212347],[0.95587841 0.04412159],[0.20281463 0.79718537]
1403,[0.26301783 0.73698217],[0.33395604 0.66604396],[0.23246544 0.76753456],[0.48109217 0.51890783],[0.43179833 0.56820167],[0.59244217 0.40755783],[0.63873777 0.36126223],[0.58330887 0.41669113],[0.69607156 0.30392844],[0.80366589 0.19633411],[0.8536177 0.1463823],[0.83542329 0.16457671],[0.91347235 0.08652765],[0.92662893 0.07337107],[0.96677794 0.03322206],[0.31552621 0.68447379],[0.28850505 0.71149495],[0.38651952 0.61348048],[0.38395405 0.61604595],[0.56315833 0.43684167],[0.56275407 0.43724593],[0.61594866 0.38405134],[0.52800889 0.47199111],[0.44999783 0.55000217],[0.58596326 0.41403674],[0.50878032 0.49121968],[0.7683963 0.2316037],[0.87171895 0.12828105],[0.94258758 0.05741242],[0.94714613 0.05285387],[0.98654214 0.01345786],[0.2087185 0.7912815],[0.28411219 0.71588781],[0.36160145 0.63839855],[0.47249294 0.52750706],[0.5068498 0.4931502],[0.63170801 0.36829199],[0.50154931 0.49845069],[0.63342247 0.36657753],[0.52785481 0.47214519],[0.58820257 0.41179743],[0.67111991 0.32888009],[0.81325716 0.18674284],[0.84011111 0.15988889],[0.91147583 0.08852417],[0.96176939 0.03823061],[0.98353477 0.01646523],[0.16654473 0.83345527],[0.367355 0.632645],[0.46709789 0.53290211],[0.32953078 0.67046922],[0.42625832 0.57374168],,[0.52404546 0.47595454],[0.51393912 0.48606088],[0.59037524 0.40962476],[0.52412837 0.47587163],[0.66671619 0.33328381],[0.77536851 0.22463149],[0.87568713 0.12431287],[0.92492925 0.07507075],[0.91855856 0.08144144],[0.94181101 0.05818899],[0.15946688 0.84053312]
1196,[0.24581895 0.75418105],[0.31409543 0.68590457],[0.21667701 0.78332299],[0.45850497 0.54149503],[0.40969821 0.59030179],[0.57037347 0.42962653],[0.61755767 0.38244233],[0.561112 0.438888],[0.67655066 0.32344934],[0.78896042 0.21103958],[0.84191769 0.15808231],[0.82257131 0.17742869],[0.90602974 0.09397026],[0.92021914 0.07978086],[0.96373835 0.03626165],[0.29627409 0.70372591],[0.27025069 0.72974931],[0.36524716 0.63475284],[0.3627394 0.6372606],[0.5407332 0.4592668],[0.54032511 0.45967489],[0.59428113 0.40571887],[0.5053642 0.4946358],[0.42766733 0.57233267],[0.56380205 0.43619795],[0.48611096 0.51388904],[0.75186476 0.24813524],[0.86123053 0.13876947],[0.93747789 0.06252211],[0.94241736 0.05758264],[0.98528332 0.01471668],[0.19413496 0.80586504],[0.26603184 0.73396816],[0.34093834 0.65906166],[0.44995939 0.55004061],[0.48418168 0.51581832],[0.61036717 0.38963283],[0.47888804 0.52111196],[0.61211997 0.38788003],[0.50520965 0.49479035],[0.56607245 0.43392755],[0.65080039 0.34919961],[0.79909048 0.20090952],[0.82754964 0.17245036],[0.90387956 0.09612044],[0.95829133 0.04170867],[0.98199978 0.01800022],[0.15433321 0.84566679],[0.34654158 0.65345842],[0.44460478 0.55539522],[0.30981092 0.69018908],[0.40424002 0.59575998],[0.47595454 0.52404546],,[0.4903511 0.5096489],[0.56737409 0.43262591],[0.50055429 0.49944571],[0.64542719 0.35457281],[0.75850595 0.24149405],[0.86504451 0.13495549],[0.91810809 0.08189191],[0.91121411 0.08878589],[0.93641834 0.06358166],[0.14768237 0.85231763]
1304,[0.25340156 0.74659844],[0.32288246 0.67711754],[0.22362725 0.77637275],[0.46857209 0.53142791],[0.41952394 0.58047606],[0.58026473 0.41973527],[0.62707287 0.37292713],[0.57105612 0.42894388],[0.68534596 0.31465404],[0.79562243 0.20437757],[0.84723166 0.15276834],[0.82840307 0.17159693],[0.90942044 0.09057956],[0.92314128 0.07685872],[0.96512692 0.03487308],[0.3047841 0.6952159],[0.27830883 0.72169117],[0.37468349 0.62531651],[0.37214893 0.62785107],[0.55076939 0.44923061],[0.55036281 0.44963719],[0.60400411 0.39599589],[0.51548074 0.48451926],[0.43760454 0.56239546],[0.57373153 0.42626847],[0.49622875 0.50377125],[0.75934059 0.24065941],[0.86599863 0.13400137],[0.93980924 0.06019076],[0.94457541 0.05542459],[0.98585897 0.01414103],[0.20054725 0.79945275],[0.27401142 0.72598858],[0.35009303 0.64990697],[0.45999827 0.54000173],[0.49429793 0.50570207],[0.61995118 0.38004882],[0.48899855 0.51100145],[0.62168759 0.37831241],[0.51532633 0.48467367],[0.57598912 0.42401088],[0.65994395 0.34005605],[0.80551154 0.19448846],[0.83325094 0.16674906],[0.90733991 0.09266009],[0.9598798 0.0401202],[0.98270161 0.01729839],[0.15969136 0.84030864],[0.3557655 0.6442345],[0.45462293 0.54537707],[0.31853376 0.68146624],[0.41402666 0.58597334],[0.48606088 0.51393912],[0.5096489 0.4903511],,[0.57777872 0.42222128],[0.51118142 0.48881858],[0.65509577 0.34490423],[0.76620799 0.23379201],[0.86993136 0.13006864],[0.92124839 0.07875161],[0.91459417 0.08540583],[0.93890322 0.06109678],[0.15285135 0.84714865]
1401,[0.1993602 0.8006398],[0.25916704 0.74083296],[0.17445197 0.82554803],[0.3927843 0.6072157],[0.34649681 0.65350319],[0.50352853 0.49647147],[0.55229156 0.44770844],[0.49410416 0.50589584],[0.615077 0.384923],[0.74066154 0.25933846],[0.80270793 0.19729207],[0.77981793 0.22018207],[0.88046417 0.11953583],[0.89807968 0.10192032],[0.95305959 0.04694041],[0.24335652 0.75664348],[0.22052462 0.77947538],[0.3053558 0.6946442],[0.30306292 0.69693708],[0.47353325 0.52646675],[0.47312364 0.52687636],[0.52807826 0.47192174],[0.43836431 0.56163569],[0.36340043 0.63659957],[0.49683663 0.50316337],[0.41949881 0.58050119],[0.69832237 0.30167763],[0.82581998 0.17418002],[0.91970992 0.08029008],[0.92594223 0.07405777],[0.98082312 0.01917688],[0.15543115 0.84456885],[0.21685137 0.78314863],[0.28325427 0.71674573],[0.38459364 0.61540636],[0.41761905 0.58238095],[0.5447785 0.4552215],[0.41247123 0.58752877],[0.54660718 0.45339282],[0.4382121 0.5617879],[0.49914595 0.50085405],[0.58741725 0.41258275],[0.75238236 0.24761764],[0.7856833 0.2143167],[0.8778079 0.1221921],[0.94609818 0.05390182],[0.9765681 0.0234319],[0.12235966 0.87764034],[0.28832422 0.71167578],[0.37948024 0.62051976],[0.25535286 0.74464714],[0.34139366 0.65860634],[0.40962476 0.59037524],[0.43262591 0.56737409],[0.42222128 0.57777872],,[0.4339639 0.5660361],[0.58202336 0.41797664],[0.70611554 0.29388446],[0.83060518 0.16939482],[0.89557542 0.10442458],[0.88701797 0.11298203],[0.91847639 0.08152361],[0.11689623 0.88310377]
1160,[0.24575733 0.75424267],[0.31402382 0.68597618],[0.2166206 0.7833794],[0.45842244 0.54157756],[0.40961782 0.59038218],[0.57029202 0.42970798],[0.61747916 0.38252084],[0.56103014 0.43896986],[0.67647792 0.32352208],[0.78890507 0.21109493],[0.84187344 0.15812656],[0.82252279 0.17747721],[0.90600144 0.09399856],[0.92019473 0.07980527],[0.96372674 0.03627326],[0.29620479 0.70379521],[0.27018514 0.72981486],[0.3651701 0.6348299],[0.36266257 0.63733743],[0.54065065 0.45934935],[0.54024255 0.45975745],[0.59420098 0.40579902],[0.50528111 0.49471889],[0.42758597 0.57241403],[0.5637203 0.4362797],[0.48602793 0.51397207],[0.75180274 0.24819726],[0.8611908 0.1388092],[0.9374584 0.0625416],[0.94239932 0.05760068],[0.9852785 0.0147215],[0.19408297 0.80591703],[0.26596694 0.73403306],[0.34086365 0.65913635],[0.44987712 0.55012288],[0.48409866 0.51590134],[0.61028812 0.38971188],[0.47880509 0.52119491],[0.61204105 0.38795895],[0.50512656 0.49487344],[0.5659908 0.4340092],[0.65072485 0.34927515],[0.79903711 0.20096289],[0.8275022 0.1724978],[0.90385067 0.09614933],[0.95827804 0.04172196],[0.9819939 0.0180061],[0.15428983 0.84571017],[0.34646631 0.65353369],[0.4445227 0.5554773],[0.30973985 0.69026015],[0.40415997 0.59584003],[0.47587163 0.52412837],[0.49944571 0.50055429],[0.48881858 0.51118142],[0.5660361 0.4339639],,[0.63575009 0.36424991],[0.75072309 0.24927691],[0.86006172 0.13993828],[0.91489174 0.08510826],[0.90775419 0.09224581],[0.93386933 0.06613067],[0.14764054 0.85235946]
1301,[0.15210946 0.84789054],[0.20130538 0.79869462],[0.1321305 0.8678695],[0.31789191 0.68210809],[0.27641252 0.72358748],[0.42220239 0.57779761],[0.47055427 0.52944573],[0.41303383 0.58696617],[0.53515462 0.46484538],[0.67294968 0.32705032],[0.74563244 0.25436756],[0.7184432 0.2815568],[0.84143976 0.15856024],[0.86391729 0.13608271],[0.93601275 0.06398725],[0.18812834 0.81187166],[0.16931848 0.83068152],[0.24053011 0.75946989],[0.23855684 0.76144316],[0.3932147 0.6067853],[0.39282272 0.60717728],[0.44635183 0.55364817],[0.35993268 0.64006732],[0.2914218 0.7085782],[0.41568635 0.58431365],[0.34238487 0.65761513],[0.62515069 0.37484931],[0.77354441 0.22645559],[0.89192522 0.10807478],[0.90007994 0.09992006],[0.97357936 0.02642064],[0.11706972 0.88293028],[0.16631618 0.83368382],[0.22162366 0.77837634],[0.31046448 0.68953552],[0.34064789 0.65935211],[0.46300323 0.53699677],[0.33590161 0.66409839],[0.46483771 0.53516229],[0.35979026 0.64020974],[0.41793178 0.58206822],[0.50636099 0.49363901],[0.68643516 0.31356484],[0.72536773 0.27463227],[0.83807579 0.16192421],[0.92671764 0.07328236],[0.96776988 0.03223012],[0.09127833 0.90872167],[0.22593823 0.77406177],[0.30584684 0.69415316],[0.19811503 0.80188497],[0.27191209 0.72808791],[0.33328381 0.66671619],[0.35457281 0.64542719],[0.34490423 0.65509577],[0.41797664 0.58202336],[0.36424991 0.63575009],,[0.63789501 0.36210499],[0.78237652 0.21762348],[0.86278881 0.13721119],[0.8519886 0.1480114],[0.8920131 0.1079869],[0.08706503 0.91293497]
1241,[0.09417783 0.90582217],[0.12745368 0.87254632],[0.08108033 0.91891967],[0.21265694 0.78734306],[0.18125999 0.81874001],[0.2974969 0.7025031],[0.33997032 0.66002968],[0.28967875 0.71032125],[0.40019415 0.59980585],[0.54389903 0.45610097],[0.62947036 0.37052964],[0.59658245 0.40341755],[0.75463231 0.24536769],[0.78629023 0.21370977],[0.89448907 0.10551093],[0.11839423 0.88160577],[0.10564937 0.89435063],[0.1550824 0.8449176],[0.15366829 0.84633171],[0.27302546 0.72697454],[0.27269945 0.72730055],[0.31844459 0.68155541],[0.24579554 0.75420446],[0.19247685 0.80752315],[0.29193308 0.70806692],[0.23179709 0.76820291],[0.49149119 0.50850881],[0.66439169 0.33560831],[0.82707706 0.17292294],[0.83924294 0.16075706],[0.95526902 0.04473098],[0.07135999 0.92864001],[0.10363518 0.89636482],[0.14163981 0.85836019],[0.20694232 0.79305768],[0.23042456 0.76957544],[0.33319601 0.66680399],[0.22668604 0.77331396],[0.33483687 0.66516313],[0.24568095 0.75431905],[0.2938462 0.7061538],[0.37283779 0.62716221],[0.55922035 0.44077965],[0.60485563 0.39514437],[0.74997389 0.25002611],[0.87993574 0.12006426],[0.94565811 0.05434189],[0.05501139 0.94498861],[0.14468669 0.85531331],[0.20341019 0.79658981],[0.12525021 0.87474979],[0.17792784 0.82207216],[0.22463149 0.77536851],[0.24149405 0.75850595],[0.23379201 0.76620799],[0.29388446 0.70611554],[0.24927691 0.75072309],[0.36210499 0.63789501],,[0.6479706 0.3520294],[0.76300212 0.23699788],[0.74665382 0.25334618],[0.8087691 0.1912309],[0.05237565 0.94762435]
1436,[0.04847635 0.95152365],[0.06679523 0.93320477],[0.04144385 0.95855615],[0.11687993 0.88312007],[0.09786596 0.90213404],[0.17184945 0.82815055],[0.2015304 0.7984696],[0.16655044 0.83344956],[0.24638498 0.75361502],[0.36882037 0.63117963],[0.45428184 0.54571816],[0.42016774 0.57983226],[0.60112206 0.39887794],[0.64322217 0.35677783],[0.80598161 0.19401839],[0.06174231 0.93825769],[0.05471739 0.94528261],[0.08251829 0.91748171],[0.08170187 0.91829813],[0.1554268 0.8445732],[0.15521123 0.84478877],[0.1862961 0.8137039],[0.13770382 0.86229618],[0.10458136 0.89541864],[0.16807329 0.83192671],[0.12881 0.87119],[0.32139492 0.67860508],[0.49239982 0.50760018],[0.70092817 0.29907183],[0.71895335 0.28104665],[0.91277484 0.08722516],[0.0362877 0.9637123],[0.053616 0.946384],[0.07480867 0.92519133],[0.11336849 0.88663151],[0.12794571 0.87205429],[0.1966926 0.8033074],[0.1255985 0.8744015],[0.1978607 0.8021393],[0.13763043 0.86236957],[0.16936888 0.83063112],[0.22558831 0.77441169],[0.38335508 0.61664492],[0.42859359 0.57140641],[0.5951129 0.4048871],[0.78219291 0.21780709],[0.89503685 0.10496315],[0.02773421 0.97226579],[0.07654612 0.92345388],[0.11120953 0.88879047],[0.06556166 0.93443834],[0.09588732 0.90411268],[0.12431287 0.87568713],[0.13495549 0.86504451],[0.13006864 0.86993136],[0.16939482 0.83060518],[0.13993828 0.86006172],[0.21762348 0.78237652],[0.3520294 0.6479706],,[0.62196504 0.37803496],[0.60097575 0.39902425],[0.68367651 0.31632349],[0.02636891 0.97363109]
1324,[0.02830324 0.97169676],[0.03931381 0.96068619],[0.02412308 0.97587692],[0.07034558 0.92965442],[0.05840117 0.94159883],[0.10605797 0.89394203],[0.12610607 0.87389393],[0.10253647 0.89746353],[0.15748445 0.84251555],[0.25042259 0.74957741],[0.32246561 0.67753439],[0.29293666 0.70706334],[0.46283458 0.53716542],[0.50757391 0.49242609],[0.70371029 0.29628971],[0.03625903 0.96374097],[0.03203455 0.96796545],[0.04890698 0.95109302],[0.04840556 0.95159444],[0.09519987 0.90480013],[0.09505843 0.90494157],[0.11574682 0.88425318],[0.08366413 0.91633587],[0.06259647 0.93740353],[0.10354673 0.89645327],[0.07794506 0.92205494],[0.21308189 0.78691811],[0.35675371 0.64324629],[0.57264298 0.42735702],[0.59392058 0.40607942],[0.85679451 0.14320549],[0.02107448 0.97892552],[0.03137458 0.96862542],[0.04418641 0.95581359],[0.06812433 0.93187567],[0.07739174 0.92260826],[0.1228004 0.8771996],[0.07589126 0.92410874],[0.12359719 0.87640281],[0.08361675 0.91638325],[0.10440734 0.89559266],[0.14277005 0.85722995],[0.2622299 0.7377701],[0.30013175 0.69986825],[0.45662527 0.54337473],[0.67247767 0.32752233],[0.82979522 0.17020478],[0.01604723 0.98395277],[0.04524743 0.95475257],[0.06676211 0.93323789],[0.03856679 0.96143321],[0.05716986 0.94283014],[0.07507075 0.92492925],[0.08189191 0.91810809],[0.07875161 0.92124839],[0.10442458 0.89557542],[0.08510826 0.91489174],[0.13721119 0.86278881],[0.23699788 0.76300212],[0.37803496 0.62196504],,[0.47309231 0.52690769],[0.56302604 0.43697396],[0.01524824 0.98475176]
1443,[0.03083745 0.96916255],[0.04279046 0.95720954],[0.02629313 0.97370687],[0.07634838 0.92365162],[0.06345429 0.93654571],[0.11473212 0.88526788],[0.13617013 0.86382987],[0.11095836 0.88904164],[0.1695668 0.8304332],[0.26737243 0.73262757],[0.34206643 0.65793357],[0.31156799 0.68843201],[0.48486174 0.51513826],[0.52963093 0.47036907],[0.7217972 0.2782028],[0.03947663 0.96052337],[0.03489085 0.96510915],[0.05318503 0.94681497],[0.05264217 0.94735783],[0.10308838 0.89691162],[0.10293655 0.89706345],[0.1251025 0.8748975],[0.09069257 0.90930743],[0.06798637 0.93201363],[0.11204124 0.88795876],[0.08453737 0.91546263],[0.22827401 0.77172599],[0.37727816 0.62272184],[0.59411608 0.40588392],[0.61504326 0.38495674],[0.86729866 0.13270134],[0.02297674 0.97702326],[0.03417412 0.96582588],[0.0480724 0.9519276],[0.07395266 0.92604734],[0.08394152 0.91605848],[0.13264068 0.86735932],[0.08232538 0.91767462],[0.13349161 0.86650839],[0.0906416 0.9093584],[0.11296355 0.88703645],[0.15392975 0.84607025],[0.27968073 0.72031927],[0.31901423 0.68098577],[0.47862022 0.52137978],[0.6916357 0.3083643],[0.84191437 0.15808563],[0.01750383 0.98249617],[0.04922193 0.95077807],[0.07248296 0.92751704],[0.04198026 0.95801974],[0.06212347 0.93787653],[0.08144144 0.91855856],[0.08878589 0.91121411],[0.08540583 0.91459417],[0.11298203 0.88701797],[0.09224581 0.90775419],[0.1480114 0.8519886],[0.25334618 0.74665382],[0.39902425 0.60097575],[0.52690769 0.47309231],,[0.59131654 0.40868346],[0.01663354 0.98336646]
1255,[0.02169182 0.97830818],[0.03021036 0.96978964],[0.01846955 0.98153045],[0.05446384 0.94553616],[0.04508531 0.95491469],[0.08283191 0.91716809],[0.0989757 0.9010243],[0.08001257 0.91998743],[0.12456561 0.87543439],[0.20275204 0.79724796],[0.26594663 0.73405337],[0.23976176 0.76023824],[0.396096 0.603904],[0.43966437 0.56033563],[0.64387133 0.35612867],[0.02784244 0.97215756],[0.02457356 0.97542644],[0.03766926 0.96233074],[0.03727853 0.96272147],[0.07415442 0.92584558],[0.07404169 0.92595831],[0.09061404 0.90938596],[0.06498568 0.93501432],[0.04837319 0.95162681],[0.0808209 0.9191791],[0.06045918 0.93954082],[0.1708989 0.8291011],[0.29685814 0.70314186],[0.50495495 0.49504505],[0.52681788 0.47318212],[0.81996276 0.18003724],[0.01612362 0.98387638],[0.02406348 0.97593652],[0.03399459 0.96600541],[0.05271563 0.94728437],[0.06002191 0.93997809],[0.09630283 0.90369717],[0.05883672 0.94116328],[0.0969467 0.9030533],[0.06494813 0.93505187],[0.0815098 0.9184902],[0.11251619 0.88748381],[0.21295025 0.78704975],[0.24610538 0.75389462],[0.39013177 0.60986823],[0.60982827 0.39017173],[0.7877397 0.2122603],[0.01226259 0.98773741],[0.0348198 0.9651802],[0.05164445 0.94835555],[0.02963098 0.97036902],[0.04412159 0.95587841],[0.05818899 0.94181101],[0.06358166 0.93641834],[0.06109678 0.93890322],[0.08152361 0.91847639],[0.06613067 0.93386933],[0.1079869 0.8920131],[0.1912309 0.8087691],[0.31632349 0.68367651],[0.43697396 0.56302604],[0.40868346 0.59131654],,[0.0116498 0.9883502]
1235,,[0.57865663 0.42134337],[0.4452742 0.5547258],[0.72138393 0.27861607],[0.6737926 0.3262074],[0.80222996 0.19777004],[0.82598945 0.17401055],[0.79452415 0.20547585],[0.85893226 0.14106774],[0.91891531 0.08108469],[0.94374284 0.05625716],[0.93183167 0.06816833],[0.96411083 0.03588917],[0.9716176 0.0283824],[0.98781512 0.01218488],[0.56442092 0.43557908],[0.52198027 0.47801973],[0.63076926 0.36923074],[0.63643406 0.36356594],[0.76408465 0.23591535],[0.78156903 0.21843097],[0.80587321 0.19412679],[0.75753652 0.24246348],[0.69758713 0.30241287],[0.79690606 0.20309394],[0.74355012 0.25644988],[0.89455742 0.10544258],[0.94811983 0.05188017],[0.97689703 0.02310297],[0.98037287 0.01962713],[0.99494137 0.00505863],[0.41876617 0.58123383],[0.52658832 0.47341168],[0.60743353 0.39256647],[0.71693241 0.28306759],[0.72466999 0.27533001],[0.82420646 0.17579354],[0.73864286 0.26135714],[0.8267572 0.1732428],[0.763182 0.236818],[0.79899935 0.20100065],[0.85267495 0.14732505],[0.91384299 0.08615701],[0.93305865 0.06694135],[0.96457346 0.03542654],[0.98545896 0.01454104],[0.99369314 0.00630686],[0.33838121 0.66161879],[0.62109139 0.37890861],[0.71087204 0.28912796],[0.56471254 0.43528746],[0.67632561 0.32367439],[0.73698217 0.26301783],[0.75418105 0.24581895],[0.74659844 0.25340156],[0.8006398 0.1993602],[0.75424267 0.24575733],[0.84789054 0.15210946],[0.90582217 0.09417783],[0.95152365 0.04847635],[0.97169676 0.02830324],[0.96916255 0.03083745],[0.97830818 0.02169182],[0.35655538 0.64344462]
