TeamID1,TeamID2,Prediction
1163,1235,[[0.36 0.64]]
1163,1228,[[0.66 0.34]]
1163,1120,[[0.39 0.61]]
1163,1361,[[0.19 0.81]]
1163,1140,[[0.54 0.46]]
1163,1450,[[0.09 0.91]]
1163,1194,[[0.4 0.6]]
1163,1321,[[0.18 0.82]]
1163,1179,[[0.52 0.48]]
1163,1182,[[0.37 0.63]]
1163,1412,[[0.08 0.92]]
1163,1463,[[0.92 0.08]]
1163,1287,[[0.23 0.77]]
1163,1355,[[0.11 0.89]]
1163,1391,[[0.78 0.22]]
1163,1314,[[0.24 0.76]]
1163,1112,[[0.36 0.64]]
1163,1124,[[0.55 0.45]]
1163,1104,[[0.45 0.55]]
1163,1388,[[0.9 0.1]]
1163,1155,[[0.27 0.73]]
1163,1173,[[0.49 0.51]]
1163,1280,[[0.15 0.85]]
1163,1277,[[0.82 0.18]]
1163,1305,[[0.19 0.81]]
1163,1307,[[0.23 0.77]]
1163,1213,[[0.63 0.37]]
1163,1158,[[0.46 0.54]]
1163,1159,[[0.65 0.35]]
1163,1253,[[0.73 0.27]]
1163,1447,[[0.08 0.92]]
1163,1345,[[0.77 0.23]]
1163,1397,[[0.86 0.14]]
1163,1166,[[0.39 0.61]]
1163,1242,[[0.84 0.16]]
1163,1211,[[0.19 0.81]]
1163,1376,[[0.91 0.09]]
1163,1400,[[0.12 0.88]]
1163,1429,[[0.97 0.03]]
1163,1395,[[0.95 0.05]]
1163,1161,[[0.36 0.64]]
1163,1332,[[0.9 0.1]]
1163,1270,[[0.28 0.72]]
1163,1359,[[0.17 0.83]]
1163,1103,[[0.7 0.3]]
1163,1389,[[0.92 0.08]]
1163,1212,[[0.39 0.61]]
1163,1222,[[0.65 0.35]]
1163,1266,[[0.86 0.14]]
1163,1246,[[0.8 0.2]]
1163,1181,[[0.48 0.52]]
1163,1458,[[0.1 0.9]]
1163,1403,[[0.1 0.9]]
1163,1196,[[0.69 0.31]]
1163,1304,[[0.17 0.83]]
1163,1401,[[0.85 0.15]]
1163,1160,[[0.4 0.6]]
1163,1301,[[0.21 0.79]]
1163,1241,[[0.35 0.65]]
1163,1436,[[0.91 0.09]]
1163,1324,[[0.79 0.21]]
1163,1443,[[0.93 0.07]]
1163,1255,[[0.72 0.28]]
1235,1163,[[0.66 0.34]]
1235,1228,[[0.47 0.53]]
1235,1120,[[0.35 0.65]]
1235,1361,[[0.86 0.14]]
1235,1140,[[0.96 0.04]]
1235,1450,[[0.1 0.9]]
1235,1194,[[0.39 0.61]]
1235,1321,[[0.77 0.23]]
1235,1179,[[0.66 0.34]]
1235,1182,[[0.3 0.7]]
1235,1412,[[0.83 0.17]]
1235,1463,[[0.05 0.95]]
1235,1287,[[0.81 0.19]]
1235,1355,[[0.16 0.84]]
1235,1391,[[0.15 0.85]]
1235,1314,[[0.31 0.69]]
1235,1112,[[0.26 0.74]]
1235,1124,[[0.93 0.07]]
1235,1104,[[0.38 0.62]]
1235,1388,[[0.85 0.15]]
1235,1155,[[0.32 0.68]]
1235,1173,[[0.64 0.36]]
1235,1280,[[0.79 0.21]]
1235,1277,[[0.87 0.13]]
1235,1305,[[0.74 0.26]]
1235,1307,[[0.27 0.73]]
1235,1213,[[0.37 0.63]]
1235,1158,[[0.65 0.35]]
1235,1159,[[0.62 0.38]]
1235,1253,[[0.31 0.69]]
1235,1447,[[0.92 0.08]]
1235,1345,[[0.34 0.66]]
1235,1397,[[0.36 0.64]]
1235,1166,[[0.38 0.62]]
1235,1242,[[0.92 0.08]]
1235,1211,[[0.57 0.43]]
1235,1376,[[0.82 0.18]]
1235,1400,[[0.03 0.97]]
1235,1429,[[0.92 0.08]]
1235,1395,[[0.16 0.84]]
1235,1161,[[0.38 0.62]]
1235,1332,[[0.19 0.81]]
1235,1270,[[0.6 0.4]]
1235,1359,[[0.78 0.22]]
1235,1103,[[0.76 0.24]]
1235,1389,[[0.85 0.15]]
1235,1212,[[0.12 0.88]]
1235,1222,[[0.09 0.91]]
1235,1266,[[0.78 0.22]]
1235,1246,[[0.66 0.34]]
1235,1181,[[0.62 0.38]]
1235,1458,[[0.89 0.11]]
1235,1403,[[0.02 0.98]]
1235,1196,[[0.66 0.34]]
1235,1304,[[0.77 0.23]]
1235,1401,[[0.87 0.13]]
1235,1160,[[0.39 0.61]]
1235,1301,[[0.31 0.69]]
1235,1241,[[0.54 0.46]]
1235,1436,[[0.9 0.1]]
1235,1324,[[0.2 0.8]]
1235,1443,[[0.89 0.11]]
1235,1255,[[0.25 0.75]]
1228,1163,[[0.45 0.55]]
1228,1235,[[0.62 0.38]]
1228,1120,[[0.41 0.59]]
1228,1361,[[0.38 0.62]]
1228,1140,[[0.4 0.6]]
1228,1450,[[0.97 0.03]]
1228,1194,[[0.35 0.65]]
1228,1321,[[0.89 0.11]]
1228,1179,[[0.62 0.38]]
1228,1182,[[0.34 0.66]]
1228,1412,[[0.91 0.09]]
1228,1463,[[0.07 0.93]]
1228,1287,[[0.74 0.26]]
1228,1355,[[0.16 0.84]]
1228,1391,[[0.15 0.85]]
1228,1314,[[0.79 0.21]]
1228,1112,[[0.41 0.59]]
1228,1124,[[0.57 0.43]]
1228,1104,[[0.74 0.26]]
1228,1388,[[0.88 0.12]]
1228,1155,[[0.49 0.51]]
1228,1173,[[0.23 0.77]]
1228,1280,[[0.83 0.17]]
1228,1277,[[0.78 0.22]]
1228,1305,[[0.74 0.26]]
1228,1307,[[0.2 0.8]]
1228,1213,[[0.48 0.52]]
1228,1158,[[0.66 0.34]]
1228,1159,[[0.33 0.67]]
1228,1253,[[0.57 0.43]]
1228,1447,[[0.17 0.83]]
1228,1345,[[0.38 0.62]]
1228,1397,[[0.91 0.09]]
1228,1166,[[0.54 0.46]]
1228,1242,[[0.77 0.23]]
1228,1211,[[0.52 0.48]]
1228,1376,[[0.12 0.88]]
1228,1400,[[0.12 0.88]]
1228,1429,[[0.03 0.97]]
1228,1395,[[0.07 0.93]]
1228,1161,[[0.35 0.65]]
1228,1332,[[0.8 0.2]]
1228,1270,[[0.28 0.72]]
1228,1359,[[0.8 0.2]]
1228,1103,[[0.19 0.81]]
1228,1389,[[0.15 0.85]]
1228,1212,[[0.27 0.73]]
1228,1222,[[0.58 0.42]]
1228,1266,[[0.69 0.31]]
1228,1246,[[0.67 0.33]]
1228,1181,[[0.48 0.52]]
1228,1458,[[0.18 0.82]]
1228,1403,[[0.93 0.07]]
1228,1196,[[0.63 0.37]]
1228,1304,[[0.88 0.12]]
1228,1401,[[0.31 0.69]]
1228,1160,[[0.33 0.67]]
1228,1301,[[0.26 0.74]]
1228,1241,[[0.49 0.51]]
1228,1436,[[0.03 0.97]]
1228,1324,[[0.94 0.06]]
1228,1443,[[0.91 0.09]]
1228,1255,[[0.54 0.46]]
1120,1163,[[0.51 0.49]]
1120,1235,[[0.77 0.23]]
1120,1228,[[0.68 0.32]]
1120,1361,[[0.17 0.83]]
1120,1140,[[0.56 0.44]]
1120,1450,[[0.08 0.92]]
1120,1194,[[0.66 0.34]]
1120,1321,[[0.89 0.11]]
1120,1179,[[0.65 0.35]]
1120,1182,[[0.65 0.35]]
1120,1412,[[0.05 0.95]]
1120,1463,[[0.97 0.03]]
1120,1287,[[0.83 0.17]]
1120,1355,[[0.87 0.13]]
1120,1391,[[0.14 0.86]]
1120,1314,[[0.17 0.83]]
1120,1112,[[0.67 0.33]]
1120,1124,[[0.38 0.62]]
1120,1104,[[0.56 0.44]]
1120,1388,[[0.93 0.07]]
1120,1155,[[0.43 0.57]]
1120,1173,[[0.44 0.56]]
1120,1280,[[0.79 0.21]]
1120,1277,[[0.84 0.16]]
1120,1305,[[0.85 0.15]]
1120,1307,[[0.17 0.83]]
1120,1213,[[0.29 0.71]]
1120,1158,[[0.59 0.41]]
1120,1159,[[0.63 0.37]]
1120,1253,[[0.75 0.25]]
1120,1447,[[0.1 0.9]]
1120,1345,[[0.74 0.26]]
1120,1397,[[0.9 0.1]]
1120,1166,[[0.64 0.36]]
1120,1242,[[0.31 0.69]]
1120,1211,[[0.39 0.61]]
1120,1376,[[0.91 0.09]]
1120,1400,[[0.93 0.07]]
1120,1429,[[0.06 0.94]]
1120,1395,[[0.12 0.88]]
1120,1161,[[0.47 0.53]]
1120,1332,[[0.92 0.08]]
1120,1270,[[0.79 0.21]]
1120,1359,[[0.16 0.84]]
1120,1103,[[0.6 0.4]]
1120,1389,[[0.08 0.92]]
1120,1212,[[0.34 0.66]]
1120,1222,[[0.47 0.53]]
1120,1266,[[0.77 0.23]]
1120,1246,[[0.35 0.65]]
1120,1181,[[0.75 0.25]]
1120,1458,[[0.87 0.13]]
1120,1403,[[0.12 0.88]]
1120,1196,[[0.63 0.37]]
1120,1304,[[0.14 0.86]]
1120,1401,[[0.86 0.14]]
1120,1160,[[0.67 0.33]]
1120,1301,[[0.91 0.09]]
1120,1241,[[0.64 0.36]]
1120,1436,[[0.07 0.93]]
1120,1324,[[0.11 0.89]]
1120,1443,[[0.04 0.96]]
1120,1255,[[0.16 0.84]]
1361,1163,[[0.84 0.16]]
1361,1235,[[0.85 0.15]]
1361,1228,[[0.14 0.86]]
1361,1120,[[0.9 0.1]]
1361,1140,[[0.07 0.93]]
1361,1450,[[0.81 0.19]]
1361,1194,[[0.11 0.89]]
1361,1321,[[0.36 0.64]]
1361,1179,[[0.13 0.87]]
1361,1182,[[0.9 0.1]]
1361,1412,[[0.56 0.44]]
1361,1463,[[0.19 0.81]]
1361,1287,[[0.72 0.28]]
1361,1355,[[0.45 0.55]]
1361,1391,[[0.36 0.64]]
1361,1314,[[0.59 0.41]]
1361,1112,[[0.83 0.17]]
1361,1124,[[0.78 0.22]]
1361,1104,[[0.17 0.83]]
1361,1388,[[0.6 0.4]]
1361,1155,[[0.15 0.85]]
1361,1173,[[0.9 0.1]]
1361,1280,[[0.83 0.17]]
1361,1277,[[0.73 0.27]]
1361,1305,[[0.15 0.85]]
1361,1307,[[0.55 0.45]]
1361,1213,[[0.82 0.18]]
1361,1158,[[0.09 0.91]]
1361,1159,[[0.17 0.83]]
1361,1253,[[0.09 0.91]]
1361,1447,[[0.21 0.79]]
1361,1345,[[0.5 0.5]]
1361,1397,[[0.72 0.28]]
1361,1166,[[0.86 0.14]]
1361,1242,[[0.79 0.21]]
1361,1211,[[0.83 0.17]]
1361,1376,[[0.39 0.61]]
1361,1400,[[0.7 0.3]]
1361,1429,[[0.6 0.4]]
1361,1395,[[0.35 0.65]]
1361,1161,[[0.19 0.81]]
1361,1332,[[0.54 0.46]]
1361,1270,[[0.76 0.24]]
1361,1359,[[0.41 0.59]]
1361,1103,[[0.1 0.9]]
1361,1389,[[0.41 0.59]]
1361,1212,[[0.72 0.28]]
1361,1222,[[0.8 0.2]]
1361,1266,[[0.69 0.31]]
1361,1246,[[0.24 0.76]]
1361,1181,[[0.19 0.81]]
1361,1458,[[0.22 0.78]]
1361,1403,[[0.66 0.34]]
1361,1196,[[0.1 0.9]]
1361,1304,[[0.33 0.67]]
1361,1401,[[0.4 0.6]]
1361,1160,[[0.13 0.87]]
1361,1301,[[0.26 0.74]]
1361,1241,[[0.8 0.2]]
1361,1436,[[0.76 0.24]]
1361,1324,[[0.56 0.44]]
1361,1443,[[0.19 0.81]]
1361,1255,[[0.25 0.75]]
1140,1163,[[0.52 0.48]]
1140,1235,[[0.9 0.1]]
1140,1228,[[0.67 0.33]]
1140,1120,[[0.56 0.44]]
1140,1361,[[0.96 0.04]]
1140,1450,[[0.97 0.03]]
1140,1194,[[0.39 0.61]]
1140,1321,[[0.86 0.14]]
1140,1179,[[0.58 0.42]]
1140,1182,[[0.55 0.45]]
1140,1412,[[0.05 0.95]]
1140,1463,[[0.05 0.95]]
1140,1287,[[0.83 0.17]]
1140,1355,[[0.91 0.09]]
1140,1391,[[0.09 0.91]]
1140,1314,[[0.23 0.77]]
1140,1112,[[0.75 0.25]]
1140,1124,[[0.19 0.81]]
1140,1104,[[0.68 0.32]]
1140,1388,[[0.09 0.91]]
1140,1155,[[0.48 0.52]]
1140,1173,[[0.55 0.45]]
1140,1280,[[0.88 0.12]]
1140,1277,[[0.3 0.7]]
1140,1305,[[0.81 0.19]]
1140,1307,[[0.83 0.17]]
1140,1213,[[0.68 0.32]]
1140,1158,[[0.46 0.54]]
1140,1159,[[0.47 0.53]]
1140,1253,[[0.22 0.78]]
1140,1447,[[0.07 0.93]]
1140,1345,[[0.28 0.72]]
1140,1397,[[0.32 0.68]]
1140,1166,[[0.54 0.46]]
1140,1242,[[0.91 0.09]]
1140,1211,[[0.66 0.34]]
1140,1376,[[0.07 0.93]]
1140,1400,[[0.98 0.02]]
1140,1429,[[0.05 0.95]]
1140,1395,[[0.99 0.01]]
1140,1161,[[0.51 0.49]]
1140,1332,[[0.12 0.88]]
1140,1270,[[0.73 0.27]]
1140,1359,[[0.12 0.88]]
1140,1103,[[0.63 0.37]]
1140,1389,[[0.93 0.07]]
1140,1212,[[0.32 0.68]]
1140,1222,[[0.68 0.32]]
1140,1266,[[0.77 0.23]]
1140,1246,[[0.78 0.22]]
1140,1181,[[0.64 0.36]]
1140,1458,[[0.9 0.1]]
1140,1403,[[0.98 0.02]]
1140,1196,[[0.52 0.48]]
1140,1304,[[0.93 0.07]]
1140,1401,[[0.93 0.07]]
1140,1160,[[0.52 0.48]]
1140,1301,[[0.19 0.81]]
1140,1241,[[0.7 0.3]]
1140,1436,[[0.04 0.96]]
1140,1324,[[0.88 0.12]]
1140,1443,[[0.96 0.04]]
1140,1255,[[0.24 0.76]]
1450,1163,[[0.14 0.86]]
1450,1235,[[0.95 0.05]]
1450,1228,[[0.12 0.88]]
1450,1120,[[0.07 0.93]]
1450,1361,[[0.45 0.55]]
1450,1140,[[0.04 0.96]]
1450,1194,[[0.07 0.93]]
1450,1321,[[0.21 0.79]]
1450,1179,[[0.01 0.99]]
1450,1182,[[0.93 0.07]]
1450,1412,[[0.26 0.74]]
1450,1463,[[0.44 0.56]]
1450,1287,[[0.88 0.12]]
1450,1355,[[0.81 0.19]]
1450,1391,[[0.65 0.35]]
1450,1314,[[0.78 0.22]]
1450,1112,[[0.04 0.96]]
1450,1124,[[0.89 0.11]]
1450,1104,[[0.88 0.12]]
1450,1388,[[0.75 0.25]]
1450,1155,[[0.88 0.12]]
1450,1173,[[0.05 0.95]]
1450,1280,[[0.34 0.66]]
1450,1277,[[0.93 0.07]]
1450,1305,[[0.12 0.88]]
1450,1307,[[0.87 0.13]]
1450,1213,[[0.05 0.95]]
1450,1158,[[0.06 0.94]]
1450,1159,[[0.92 0.08]]
1450,1253,[[0.08 0.92]]
1450,1447,[[0.53 0.47]]
1450,1345,[[0.73 0.27]]
1450,1397,[[0.52 0.48]]
1450,1166,[[0.92 0.08]]
1450,1242,[[0.93 0.07]]
1450,1211,[[0.92 0.08]]
1450,1376,[[0.16 0.84]]
1450,1400,[[0.8 0.2]]
1450,1429,[[0.39 0.61]]
1450,1395,[[0.32 0.68]]
1450,1161,[[0.95 0.05]]
1450,1332,[[0.26 0.74]]
1450,1270,[[0.83 0.17]]
1450,1359,[[0.16 0.84]]
1450,1103,[[0.02 0.98]]
1450,1389,[[0.76 0.24]]
1450,1212,[[0.85 0.15]]
1450,1222,[[0.09 0.91]]
1450,1266,[[0.86 0.14]]
1450,1246,[[0.79 0.21]]
1450,1181,[[0.11 0.89]]
1450,1458,[[0.44 0.56]]
1450,1403,[[0.83 0.17]]
1450,1196,[[0.13 0.87]]
1450,1304,[[0.18 0.82]]
1450,1401,[[0.84 0.16]]
1450,1160,[[0.98 0.02]]
1450,1301,[[0.12 0.88]]
1450,1241,[[0.08 0.92]]
1450,1436,[[0.29 0.71]]
1450,1324,[[0.83 0.17]]
1450,1443,[[0.46 0.54]]
1450,1255,[[0.88 0.12]]
1194,1163,[[0.69 0.31]]
1194,1235,[[0.55 0.45]]
1194,1228,[[0.58 0.42]]
1194,1120,[[0.7 0.3]]
1194,1361,[[0.9 0.1]]
1194,1140,[[0.46 0.54]]
1194,1450,[[0.03 0.97]]
1194,1321,[[0.82 0.18]]
1194,1179,[[0.46 0.54]]
1194,1182,[[0.48 0.52]]
1194,1412,[[0.09 0.91]]
1194,1463,[[0.06 0.94]]
1194,1287,[[0.19 0.81]]
1194,1355,[[0.1 0.9]]
1194,1391,[[0.88 0.12]]
1194,1314,[[0.81 0.19]]
1194,1112,[[0.88 0.12]]
1194,1124,[[0.57 0.43]]
1194,1104,[[0.68 0.32]]
1194,1388,[[0.11 0.89]]
1194,1155,[[0.41 0.59]]
1194,1173,[[0.46 0.54]]
1194,1280,[[0.25 0.75]]
1194,1277,[[0.75 0.25]]
1194,1305,[[0.12 0.88]]
1194,1307,[[0.14 0.86]]
1194,1213,[[0.59 0.41]]
1194,1158,[[0.82 0.18]]
1194,1159,[[0.63 0.37]]
1194,1253,[[0.69 0.31]]
1194,1447,[[0.95 0.05]]
1194,1345,[[0.78 0.22]]
1194,1397,[[0.34 0.66]]
1194,1166,[[0.45 0.55]]
1194,1242,[[0.47 0.53]]
1194,1211,[[0.6 0.4]]
1194,1376,[[0.89 0.11]]
1194,1400,[[0.93 0.07]]
1194,1429,[[0.93 0.07]]
1194,1395,[[0.93 0.07]]
1194,1161,[[0.58 0.42]]
1194,1332,[[0.14 0.86]]
1194,1270,[[0.31 0.69]]
1194,1359,[[0.95 0.05]]
1194,1103,[[0.74 0.26]]
1194,1389,[[0.93 0.07]]
1194,1212,[[0.43 0.57]]
1194,1222,[[0.65 0.35]]
1194,1266,[[0.38 0.62]]
1194,1246,[[0.35 0.65]]
1194,1181,[[0.55 0.45]]
1194,1458,[[0.77 0.23]]
1194,1403,[[0.95 0.05]]
1194,1196,[[0.57 0.43]]
1194,1304,[[0.15 0.85]]
1194,1401,[[0.2 0.8]]
1194,1160,[[0.51 0.49]]
1194,1301,[[0.2 0.8]]
1194,1241,[[0.64 0.36]]
1194,1436,[[0.96 0.04]]
1194,1324,[[0.79 0.21]]
1194,1443,[[0.94 0.06]]
1194,1255,[[0.35 0.65]]
1321,1163,[[0.81 0.19]]
1321,1235,[[0.31 0.69]]
1321,1228,[[0.82 0.18]]
1321,1120,[[0.87 0.13]]
1321,1361,[[0.91 0.09]]
1321,1140,[[0.89 0.11]]
1321,1450,[[0.17 0.83]]
1321,1194,[[0.82 0.18]]
1321,1179,[[0.89 0.11]]
1321,1182,[[0.86 0.14]]
1321,1412,[[0.26 0.74]]
1321,1463,[[0.83 0.17]]
1321,1287,[[0.6 0.4]]
1321,1355,[[0.33 0.67]]
1321,1391,[[0.28 0.72]]
1321,1314,[[0.59 0.41]]
1321,1112,[[0.19 0.81]]
1321,1124,[[0.8 0.2]]
1321,1104,[[0.34 0.66]]
1321,1388,[[0.77 0.23]]
1321,1155,[[0.15 0.85]]
1321,1173,[[0.14 0.86]]
1321,1280,[[0.83 0.17]]
1321,1277,[[0.86 0.14]]
1321,1305,[[0.63 0.37]]
1321,1307,[[0.56 0.44]]
1321,1213,[[0.82 0.18]]
1321,1158,[[0.91 0.09]]
1321,1159,[[0.15 0.85]]
1321,1253,[[0.63 0.37]]
1321,1447,[[0.81 0.19]]
1321,1345,[[0.69 0.31]]
1321,1397,[[0.67 0.33]]
1321,1166,[[0.79 0.21]]
1321,1242,[[0.88 0.12]]
1321,1211,[[0.18 0.82]]
1321,1376,[[0.7 0.3]]
1321,1400,[[0.84 0.16]]
1321,1429,[[0.84 0.16]]
1321,1395,[[0.31 0.69]]
1321,1161,[[0.87 0.13]]
1321,1332,[[0.56 0.44]]
1321,1270,[[0.28 0.72]]
1321,1359,[[0.64 0.36]]
1321,1103,[[0.09 0.91]]
1321,1389,[[0.17 0.83]]
1321,1212,[[0.69 0.31]]
1321,1222,[[0.76 0.24]]
1321,1266,[[0.63 0.37]]
1321,1246,[[0.65 0.35]]
1321,1181,[[0.79 0.21]]
1321,1458,[[0.79 0.21]]
1321,1403,[[0.42 0.58]]
1321,1196,[[0.25 0.75]]
1321,1304,[[0.87 0.13]]
1321,1401,[[0.53 0.47]]
1321,1160,[[0.24 0.76]]
1321,1301,[[0.42 0.58]]
1321,1241,[[0.21 0.79]]
1321,1436,[[0.78 0.22]]
1321,1324,[[0.64 0.36]]
1321,1443,[[0.16 0.84]]
1321,1255,[[0.67 0.33]]
1179,1163,[[0.68 0.32]]
1179,1235,[[0.71 0.29]]
1179,1228,[[0.62 0.38]]
1179,1120,[[0.46 0.54]]
1179,1361,[[0.84 0.16]]
1179,1140,[[0.62 0.38]]
1179,1450,[[0.94 0.06]]
1179,1194,[[0.65 0.35]]
1179,1321,[[0.16 0.84]]
1179,1182,[[0.51 0.49]]
1179,1412,[[0.05 0.95]]
1179,1463,[[0.95 0.05]]
1179,1287,[[0.89 0.11]]
1179,1355,[[0.07 0.93]]
1179,1391,[[0.87 0.13]]
1179,1314,[[0.74 0.26]]
1179,1112,[[0.69 0.31]]
1179,1124,[[0.58 0.42]]
1179,1104,[[0.39 0.61]]
1179,1388,[[0.94 0.06]]
1179,1155,[[0.4 0.6]]
1179,1173,[[0.64 0.36]]
1179,1280,[[0.21 0.79]]
1179,1277,[[0.33 0.67]]
1179,1305,[[0.1 0.9]]
1179,1307,[[0.86 0.14]]
1179,1213,[[0.64 0.36]]
1179,1158,[[0.57 0.43]]
1179,1159,[[0.46 0.54]]
1179,1253,[[0.21 0.79]]
1179,1447,[[0.95 0.05]]
1179,1345,[[0.69 0.31]]
1179,1397,[[0.86 0.14]]
1179,1166,[[0.53 0.47]]
1179,1242,[[0.36 0.64]]
1179,1211,[[0.52 0.48]]
1179,1376,[[0.86 0.14]]
1179,1400,[[0.07 0.93]]
1179,1429,[[0.04 0.96]]
1179,1395,[[0.14 0.86]]
1179,1161,[[0.55 0.45]]
1179,1332,[[0.88 0.12]]
1179,1270,[[0.25 0.75]]
1179,1359,[[0.13 0.87]]
1179,1103,[[0.69 0.31]]
1179,1389,[[0.94 0.06]]
1179,1212,[[0.62 0.38]]
1179,1222,[[0.48 0.52]]
1179,1266,[[0.31 0.69]]
1179,1246,[[0.7 0.3]]
1179,1181,[[0.54 0.46]]
1179,1458,[[0.82 0.18]]
1179,1403,[[0.9 0.1]]
1179,1196,[[0.61 0.39]]
1179,1304,[[0.79 0.21]]
1179,1401,[[0.22 0.78]]
1179,1160,[[0.51 0.49]]
1179,1301,[[0.81 0.19]]
1179,1241,[[0.68 0.32]]
1179,1436,[[0.03 0.97]]
1179,1324,[[0.05 0.95]]
1179,1443,[[0.04 0.96]]
1179,1255,[[0.79 0.21]]
1182,1163,[[0.61 0.39]]
1182,1235,[[0.65 0.35]]
1182,1228,[[0.44 0.56]]
1182,1120,[[0.72 0.28]]
1182,1361,[[0.81 0.19]]
1182,1140,[[0.51 0.49]]
1182,1450,[[0.03 0.97]]
1182,1194,[[0.66 0.34]]
1182,1321,[[0.82 0.18]]
1182,1179,[[0.57 0.43]]
1182,1412,[[0.95 0.05]]
1182,1463,[[0.95 0.05]]
1182,1287,[[0.8 0.2]]
1182,1355,[[0.07 0.93]]
1182,1391,[[0.86 0.14]]
1182,1314,[[0.31 0.69]]
1182,1112,[[0.48 0.52]]
1182,1124,[[0.6 0.4]]
1182,1104,[[0.65 0.35]]
1182,1388,[[0.16 0.84]]
1182,1155,[[0.52 0.48]]
1182,1173,[[0.74 0.26]]
1182,1280,[[0.69 0.31]]
1182,1277,[[0.67 0.33]]
1182,1305,[[0.83 0.17]]
1182,1307,[[0.25 0.75]]
1182,1213,[[0.62 0.38]]
1182,1158,[[0.54 0.46]]
1182,1159,[[0.46 0.54]]
1182,1253,[[0.21 0.79]]
1182,1447,[[0.99 0.01]]
1182,1345,[[0.68 0.32]]
1182,1397,[[0.81 0.19]]
1182,1166,[[0.58 0.42]]
1182,1242,[[0.72 0.28]]
1182,1211,[[0.5 0.5]]
1182,1376,[[0.13 0.87]]
1182,1400,[[0.92 0.08]]
1182,1429,[[0.94 0.06]]
1182,1395,[[0.92 0.08]]
1182,1161,[[0.48 0.52]]
1182,1332,[[0.83 0.17]]
1182,1270,[[0.3 0.7]]
1182,1359,[[0.17 0.83]]
1182,1103,[[0.82 0.18]]
1182,1389,[[0.08 0.92]]
1182,1212,[[0.45 0.55]]
1182,1222,[[0.48 0.52]]
1182,1266,[[0.75 0.25]]
1182,1246,[[0.72 0.28]]
1182,1181,[[0.67 0.33]]
1182,1458,[[0.16 0.84]]
1182,1403,[[0.91 0.09]]
1182,1196,[[0.57 0.43]]
1182,1304,[[0.23 0.77]]
1182,1401,[[0.78 0.22]]
1182,1160,[[0.7 0.3]]
1182,1301,[[0.17 0.83]]
1182,1241,[[0.67 0.33]]
1182,1436,[[0.98 0.02]]
1182,1324,[[0.82 0.18]]
1182,1443,[[0.95 0.05]]
1182,1255,[[0.81 0.19]]
1412,1163,[[0.18 0.82]]
1412,1235,[[0.84 0.16]]
1412,1228,[[0.85 0.15]]
1412,1120,[[0.86 0.14]]
1412,1361,[[0.64 0.36]]
1412,1140,[[0.91 0.09]]
1412,1450,[[0.29 0.71]]
1412,1194,[[0.95 0.05]]
1412,1321,[[0.65 0.35]]
1412,1179,[[0.03 0.97]]
1412,1182,[[0.9 0.1]]
1412,1463,[[0.22 0.78]]
1412,1287,[[0.19 0.81]]
1412,1355,[[0.62 0.38]]
1412,1391,[[0.33 0.67]]
1412,1314,[[0.28 0.72]]
1412,1112,[[0.85 0.15]]
1412,1124,[[0.76 0.24]]
1412,1104,[[0.16 0.84]]
1412,1388,[[0.59 0.41]]
1412,1155,[[0.84 0.16]]
1412,1173,[[0.91 0.09]]
1412,1280,[[0.67 0.33]]
1412,1277,[[0.67 0.33]]
1412,1305,[[0.76 0.24]]
1412,1307,[[0.25 0.75]]
1412,1213,[[0.09 0.91]]
1412,1158,[[0.97 0.03]]
1412,1159,[[0.9 0.1]]
1412,1253,[[0.13 0.87]]
1412,1447,[[0.71 0.29]]
1412,1345,[[0.59 0.41]]
1412,1397,[[0.57 0.43]]
1412,1166,[[0.89 0.11]]
1412,1242,[[0.71 0.29]]
1412,1211,[[0.16 0.84]]
1412,1376,[[0.32 0.68]]
1412,1400,[[0.54 0.46]]
1412,1429,[[0.59 0.41]]
1412,1395,[[0.61 0.39]]
1412,1161,[[0.07 0.93]]
1412,1332,[[0.28 0.72]]
1412,1270,[[0.21 0.79]]
1412,1359,[[0.3 0.7]]
1412,1103,[[0.96 0.04]]
1412,1389,[[0.7 0.3]]
1412,1212,[[0.12 0.88]]
1412,1222,[[0.13 0.87]]
1412,1266,[[0.35 0.65]]
1412,1246,[[0.72 0.28]]
1412,1181,[[0.13 0.87]]
1412,1458,[[0.55 0.45]]
1412,1403,[[0.37 0.63]]
1412,1196,[[0.1 0.9]]
1412,1304,[[0.72 0.28]]
1412,1401,[[0.51 0.49]]
1412,1160,[[0.92 0.08]]
1412,1301,[[0.7 0.3]]
1412,1241,[[0.1 0.9]]
1412,1436,[[0.59 0.41]]
1412,1324,[[0.23 0.77]]
1412,1443,[[0.69 0.31]]
1412,1255,[[0.18 0.82]]
1463,1163,[[0.87 0.13]]
1463,1235,[[0.09 0.91]]
1463,1228,[[0.83 0.17]]
1463,1120,[[0.06 0.94]]
1463,1361,[[0.76 0.24]]
1463,1140,[[0.93 0.07]]
1463,1450,[[0.62 0.38]]
1463,1194,[[0.95 0.05]]
1463,1321,[[0.86 0.14]]
1463,1179,[[0.01 0.99]]
1463,1182,[[0.03 0.97]]
1463,1412,[[0.21 0.79]]
1463,1287,[[0.84 0.16]]
1463,1355,[[0.83 0.17]]
1463,1391,[[0.16 0.84]]
1463,1314,[[0.76 0.24]]
1463,1112,[[0.86 0.14]]
1463,1124,[[0.24 0.76]]
1463,1104,[[0.8 0.2]]
1463,1388,[[0.78 0.22]]
1463,1155,[[0.04 0.96]]
1463,1173,[[0.95 0.05]]
1463,1280,[[0.24 0.76]]
1463,1277,[[0.32 0.68]]
1463,1305,[[0.1 0.9]]
1463,1307,[[0.11 0.89]]
1463,1213,[[0.04 0.96]]
1463,1158,[[0.02 0.98]]
1463,1159,[[0.97 0.03]]
1463,1253,[[0.9 0.1]]
1463,1447,[[0.47 0.53]]
1463,1345,[[0.71 0.29]]
1463,1397,[[0.73 0.27]]
1463,1166,[[0.1 0.9]]
1463,1242,[[0.25 0.75]]
1463,1211,[[0.9 0.1]]
1463,1376,[[0.17 0.83]]
1463,1400,[[0.26 0.74]]
1463,1429,[[0.6 0.4]]
1463,1395,[[0.28 0.72]]
1463,1161,[[0.96 0.04]]
1463,1332,[[0.2 0.8]]
1463,1270,[[0.87 0.13]]
1463,1359,[[0.15 0.85]]
1463,1103,[[0.01 0.99]]
1463,1389,[[0.85 0.15]]
1463,1212,[[0.96 0.04]]
1463,1222,[[0.91 0.09]]
1463,1266,[[0.26 0.74]]
1463,1246,[[0.82 0.18]]
1463,1181,[[0.91 0.09]]
1463,1458,[[0.46 0.54]]
1463,1403,[[0.7 0.3]]
1463,1196,[[0.92 0.08]]
1463,1304,[[0.16 0.84]]
1463,1401,[[0.69 0.31]]
1463,1160,[[0.98 0.02]]
1463,1301,[[0.9 0.1]]
1463,1241,[[0.93 0.07]]
1463,1436,[[0.36 0.64]]
1463,1324,[[0.78 0.22]]
1463,1443,[[0.42 0.58]]
1463,1255,[[0.91 0.09]]
1287,1163,[[0.26 0.74]]
1287,1235,[[0.23 0.77]]
1287,1228,[[0.29 0.71]]
1287,1120,[[0.78 0.22]]
1287,1361,[[0.7 0.3]]
1287,1140,[[0.82 0.18]]
1287,1450,[[0.16 0.84]]
1287,1194,[[0.86 0.14]]
1287,1321,[[0.5 0.5]]
1287,1179,[[0.86 0.14]]
1287,1182,[[0.18 0.82]]
1287,1412,[[0.74 0.26]]
1287,1463,[[0.85 0.15]]
1287,1355,[[0.65 0.35]]
1287,1391,[[0.34 0.66]]
1287,1314,[[0.57 0.43]]
1287,1112,[[0.77 0.23]]
1287,1124,[[0.82 0.18]]
1287,1104,[[0.27 0.73]]
1287,1388,[[0.3 0.7]]
1287,1155,[[0.78 0.22]]
1287,1173,[[0.22 0.78]]
1287,1280,[[0.59 0.41]]
1287,1277,[[0.49 0.51]]
1287,1305,[[0.42 0.58]]
1287,1307,[[0.51 0.49]]
1287,1213,[[0.82 0.18]]
1287,1158,[[0.13 0.87]]
1287,1159,[[0.1 0.9]]
1287,1253,[[0.35 0.65]]
1287,1447,[[0.83 0.17]]
1287,1345,[[0.69 0.31]]
1287,1397,[[0.76 0.24]]
1287,1166,[[0.79 0.21]]
1287,1242,[[0.43 0.57]]
1287,1211,[[0.28 0.72]]
1287,1376,[[0.34 0.66]]
1287,1400,[[0.76 0.24]]
1287,1429,[[0.22 0.78]]
1287,1395,[[0.3 0.7]]
1287,1161,[[0.21 0.79]]
1287,1332,[[0.39 0.61]]
1287,1270,[[0.61 0.39]]
1287,1359,[[0.35 0.65]]
1287,1103,[[0.15 0.85]]
1287,1389,[[0.22 0.78]]
1287,1212,[[0.87 0.13]]
1287,1222,[[0.27 0.73]]
1287,1266,[[0.62 0.38]]
1287,1246,[[0.67 0.33]]
1287,1181,[[0.76 0.24]]
1287,1458,[[0.32 0.68]]
1287,1403,[[0.28 0.72]]
1287,1196,[[0.24 0.76]]
1287,1304,[[0.52 0.48]]
1287,1401,[[0.74 0.26]]
1287,1160,[[0.19 0.81]]
1287,1301,[[0.43 0.57]]
1287,1241,[[0.19 0.81]]
1287,1436,[[0.14 0.86]]
1287,1324,[[0.46 0.54]]
1287,1443,[[0.8 0.2]]
1287,1255,[[0.69 0.31]]
1355,1163,[[0.8 0.2]]
1355,1235,[[0.2 0.8]]
1355,1228,[[0.72 0.28]]
1355,1120,[[0.86 0.14]]
1355,1361,[[0.51 0.49]]
1355,1140,[[0.15 0.85]]
1355,1450,[[0.21 0.79]]
1355,1194,[[0.1 0.9]]
1355,1321,[[0.39 0.61]]
1355,1179,[[0.86 0.14]]
1355,1182,[[0.84 0.16]]
1355,1412,[[0.31 0.69]]
1355,1463,[[0.22 0.78]]
1355,1287,[[0.26 0.74]]
1355,1391,[[0.39 0.61]]
1355,1314,[[0.39 0.61]]
1355,1112,[[0.14 0.86]]
1355,1124,[[0.76 0.24]]
1355,1104,[[0.19 0.81]]
1355,1388,[[0.34 0.66]]
1355,1155,[[0.11 0.89]]
1355,1173,[[0.79 0.21]]
1355,1280,[[0.56 0.44]]
1355,1277,[[0.38 0.62]]
1355,1305,[[0.46 0.54]]
1355,1307,[[0.35 0.65]]
1355,1213,[[0.83 0.17]]
1355,1158,[[0.87 0.13]]
1355,1159,[[0.17 0.83]]
1355,1253,[[0.2 0.8]]
1355,1447,[[0.27 0.73]]
1355,1345,[[0.44 0.56]]
1355,1397,[[0.55 0.45]]
1355,1166,[[0.22 0.78]]
1355,1242,[[0.34 0.66]]
1355,1211,[[0.2 0.8]]
1355,1376,[[0.32 0.68]]
1355,1400,[[0.3 0.7]]
1355,1429,[[0.2 0.8]]
1355,1395,[[0.39 0.61]]
1355,1161,[[0.8 0.2]]
1355,1332,[[0.34 0.66]]
1355,1270,[[0.75 0.25]]
1355,1359,[[0.42 0.58]]
1355,1103,[[0.91 0.09]]
1355,1389,[[0.58 0.42]]
1355,1212,[[0.16 0.84]]
1355,1222,[[0.72 0.28]]
1355,1266,[[0.31 0.69]]
1355,1246,[[0.63 0.37]]
1355,1181,[[0.78 0.22]]
1355,1458,[[0.26 0.74]]
1355,1403,[[0.34 0.66]]
1355,1196,[[0.18 0.82]]
1355,1304,[[0.5 0.5]]
1355,1401,[[0.52 0.48]]
1355,1160,[[0.12 0.88]]
1355,1301,[[0.43 0.57]]
1355,1241,[[0.14 0.86]]
1355,1436,[[0.79 0.21]]
1355,1324,[[0.34 0.66]]
1355,1443,[[0.19 0.81]]
1355,1255,[[0.74 0.26]]
1391,1163,[[0.73 0.27]]
1391,1235,[[0.69 0.31]]
1391,1228,[[0.71 0.29]]
1391,1120,[[0.78 0.22]]
1391,1361,[[0.33 0.67]]
1391,1140,[[0.13 0.87]]
1391,1450,[[0.2 0.8]]
1391,1194,[[0.76 0.24]]
1391,1321,[[0.46 0.54]]
1391,1179,[[0.11 0.89]]
1391,1182,[[0.12 0.88]]
1391,1412,[[0.49 0.51]]
1391,1463,[[0.7 0.3]]
1391,1287,[[0.62 0.38]]
1391,1355,[[0.62 0.38]]
1391,1314,[[0.29 0.71]]
1391,1112,[[0.15 0.85]]
1391,1124,[[0.13 0.87]]
1391,1104,[[0.74 0.26]]
1391,1388,[[0.43 0.57]]
1391,1155,[[0.73 0.27]]
1391,1173,[[0.74 0.26]]
1391,1280,[[0.58 0.42]]
1391,1277,[[0.24 0.76]]
1391,1305,[[0.28 0.72]]
1391,1307,[[0.62 0.38]]
1391,1213,[[0.86 0.14]]
1391,1158,[[0.09 0.91]]
1391,1159,[[0.18 0.82]]
1391,1253,[[0.23 0.77]]
1391,1447,[[0.4 0.6]]
1391,1345,[[0.49 0.51]]
1391,1397,[[0.36 0.64]]
1391,1166,[[0.14 0.86]]
1391,1242,[[0.27 0.73]]
1391,1211,[[0.74 0.26]]
1391,1376,[[0.41 0.59]]
1391,1400,[[0.38 0.62]]
1391,1429,[[0.29 0.71]]
1391,1395,[[0.37 0.63]]
1391,1161,[[0.79 0.21]]
1391,1332,[[0.35 0.65]]
1391,1270,[[0.76 0.24]]
1391,1359,[[0.35 0.65]]
1391,1103,[[0.08 0.92]]
1391,1389,[[0.56 0.44]]
1391,1212,[[0.14 0.86]]
1391,1222,[[0.7 0.3]]
1391,1266,[[0.63 0.37]]
1391,1246,[[0.63 0.37]]
1391,1181,[[0.72 0.28]]
1391,1458,[[0.46 0.54]]
1391,1403,[[0.34 0.66]]
1391,1196,[[0.74 0.26]]
1391,1304,[[0.23 0.77]]
1391,1401,[[0.39 0.61]]
1391,1160,[[0.13 0.87]]
1391,1301,[[0.23 0.77]]
1391,1241,[[0.16 0.84]]
1391,1436,[[0.7 0.3]]
1391,1324,[[0.42 0.58]]
1391,1443,[[0.33 0.67]]
1391,1255,[[0.77 0.23]]
1314,1163,[[0.86 0.14]]
1314,1235,[[0.32 0.68]]
1314,1228,[[0.26 0.74]]
1314,1120,[[0.91 0.09]]
1314,1361,[[0.47 0.53]]
1314,1140,[[0.18 0.82]]
1314,1450,[[0.88 0.12]]
1314,1194,[[0.16 0.84]]
1314,1321,[[0.39 0.61]]
1314,1179,[[0.18 0.82]]
1314,1182,[[0.2 0.8]]
1314,1412,[[0.15 0.85]]
1314,1463,[[0.09 0.91]]
1314,1287,[[0.54 0.46]]
1314,1355,[[0.7 0.3]]
1314,1391,[[0.34 0.66]]
1314,1112,[[0.18 0.82]]
1314,1124,[[0.75 0.25]]
1314,1104,[[0.29 0.71]]
1314,1388,[[0.7 0.3]]
1314,1155,[[0.76 0.24]]
1314,1173,[[0.14 0.86]]
1314,1280,[[0.46 0.54]]
1314,1277,[[0.71 0.29]]
1314,1305,[[0.37 0.63]]
1314,1307,[[0.48 0.52]]
1314,1213,[[0.8 0.2]]
1314,1158,[[0.85 0.15]]
1314,1159,[[0.89 0.11]]
1314,1253,[[0.64 0.36]]
1314,1447,[[0.82 0.18]]
1314,1345,[[0.67 0.33]]
1314,1397,[[0.56 0.44]]
1314,1166,[[0.2 0.8]]
1314,1242,[[0.58 0.42]]
1314,1211,[[0.73 0.27]]
1314,1376,[[0.22 0.78]]
1314,1400,[[0.78 0.22]]
1314,1429,[[0.1 0.9]]
1314,1395,[[0.82 0.18]]
1314,1161,[[0.84 0.16]]
1314,1332,[[0.37 0.63]]
1314,1270,[[0.29 0.71]]
1314,1359,[[0.61 0.39]]
1314,1103,[[0.88 0.12]]
1314,1389,[[0.74 0.26]]
1314,1212,[[0.71 0.29]]
1314,1222,[[0.28 0.72]]
1314,1266,[[0.72 0.28]]
1314,1246,[[0.24 0.76]]
1314,1181,[[0.35 0.65]]
1314,1458,[[0.76 0.24]]
1314,1403,[[0.21 0.79]]
1314,1196,[[0.11 0.89]]
1314,1304,[[0.67 0.33]]
1314,1401,[[0.73 0.27]]
1314,1160,[[0.21 0.79]]
1314,1301,[[0.94 0.06]]
1314,1241,[[0.74 0.26]]
1314,1436,[[0.85 0.15]]
1314,1324,[[0.52 0.48]]
1314,1443,[[0.23 0.77]]
1314,1255,[[0.37 0.63]]
1112,1163,[[0.74 0.26]]
1112,1235,[[0.83 0.17]]
1112,1228,[[0.37 0.63]]
1112,1120,[[0.68 0.32]]
1112,1361,[[0.84 0.16]]
1112,1140,[[0.41 0.59]]
1112,1450,[[0.08 0.92]]
1112,1194,[[0.75 0.25]]
1112,1321,[[0.16 0.84]]
1112,1179,[[0.3 0.7]]
1112,1182,[[0.22 0.78]]
1112,1412,[[0.85 0.15]]
1112,1463,[[0.91 0.09]]
1112,1287,[[0.18 0.82]]
1112,1355,[[0.11 0.89]]
1112,1391,[[0.15 0.85]]
1112,1314,[[0.79 0.21]]
1112,1124,[[0.39 0.61]]
1112,1104,[[0.74 0.26]]
1112,1388,[[0.09 0.91]]
1112,1155,[[0.29 0.71]]
1112,1173,[[0.68 0.32]]
1112,1280,[[0.12 0.88]]
1112,1277,[[0.71 0.29]]
1112,1305,[[0.84 0.16]]
1112,1307,[[0.84 0.16]]
1112,1213,[[0.32 0.68]]
1112,1158,[[0.28 0.72]]
1112,1159,[[0.78 0.22]]
1112,1253,[[0.15 0.85]]
1112,1447,[[0.96 0.04]]
1112,1345,[[0.77 0.23]]
1112,1397,[[0.86 0.14]]
1112,1166,[[0.33 0.67]]
1112,1242,[[0.78 0.22]]
1112,1211,[[0.38 0.62]]
1112,1376,[[0.11 0.89]]
1112,1400,[[0.12 0.88]]
1112,1429,[[0.94 0.06]]
1112,1395,[[0.12 0.88]]
1112,1161,[[0.81 0.19]]
1112,1332,[[0.09 0.91]]
1112,1270,[[0.81 0.19]]
1112,1359,[[0.83 0.17]]
1112,1103,[[0.53 0.47]]
1112,1389,[[0.88 0.12]]
1112,1212,[[0.6 0.4]]
1112,1222,[[0.7 0.3]]
1112,1266,[[0.23 0.77]]
1112,1246,[[0.78 0.22]]
1112,1181,[[0.81 0.19]]
1112,1458,[[0.94 0.06]]
1112,1403,[[0.96 0.04]]
1112,1196,[[0.83 0.17]]
1112,1304,[[0.14 0.86]]
1112,1401,[[0.88 0.12]]
1112,1160,[[0.53 0.47]]
1112,1301,[[0.9 0.1]]
1112,1241,[[0.3 0.7]]
1112,1436,[[0.08 0.92]]
1112,1324,[[0.82 0.18]]
1112,1443,[[0.07 0.93]]
1112,1255,[[0.24 0.76]]
1124,1163,[[0.53 0.47]]
1124,1235,[[0.54 0.46]]
1124,1228,[[0.76 0.24]]
1124,1120,[[0.21 0.79]]
1124,1361,[[0.82 0.18]]
1124,1140,[[0.73 0.27]]
1124,1450,[[0.94 0.06]]
1124,1194,[[0.6 0.4]]
1124,1321,[[0.25 0.75]]
1124,1179,[[0.39 0.61]]
1124,1182,[[0.54 0.46]]
1124,1412,[[0.08 0.92]]
1124,1463,[[0.93 0.07]]
1124,1287,[[0.84 0.16]]
1124,1355,[[0.13 0.87]]
1124,1391,[[0.2 0.8]]
1124,1314,[[0.21 0.79]]
1124,1112,[[0.42 0.58]]
1124,1104,[[0.64 0.36]]
1124,1388,[[0.87 0.13]]
1124,1155,[[0.59 0.41]]
1124,1173,[[0.34 0.66]]
1124,1280,[[0.85 0.15]]
1124,1277,[[0.26 0.74]]
1124,1305,[[0.82 0.18]]
1124,1307,[[0.79 0.21]]
1124,1213,[[0.66 0.34]]
1124,1158,[[0.53 0.47]]
1124,1159,[[0.63 0.37]]
1124,1253,[[0.72 0.28]]
1124,1447,[[0.87 0.13]]
1124,1345,[[0.34 0.66]]
1124,1397,[[0.83 0.17]]
1124,1166,[[0.43 0.57]]
1124,1242,[[0.51 0.49]]
1124,1211,[[0.56 0.44]]
1124,1376,[[0.13 0.87]]
1124,1400,[[0.97 0.03]]
1124,1429,[[0.93 0.07]]
1124,1395,[[0.97 0.03]]
1124,1161,[[0.64 0.36]]
1124,1332,[[0.88 0.12]]
1124,1270,[[0.76 0.24]]
1124,1359,[[0.9 0.1]]
1124,1103,[[0.43 0.57]]
1124,1389,[[0.09 0.91]]
1124,1212,[[0.34 0.66]]
1124,1222,[[0.39 0.61]]
1124,1266,[[0.29 0.71]]
1124,1246,[[0.72 0.28]]
1124,1181,[[0.7 0.3]]
1124,1458,[[0.85 0.15]]
1124,1403,[[0.98 0.02]]
1124,1196,[[0.48 0.52]]
1124,1304,[[0.24 0.76]]
1124,1401,[[0.16 0.84]]
1124,1160,[[0.59 0.41]]
1124,1301,[[0.93 0.07]]
1124,1241,[[0.28 0.72]]
1124,1436,[[0.9 0.1]]
1124,1324,[[0.86 0.14]]
1124,1443,[[0.04 0.96]]
1124,1255,[[0.8 0.2]]
1104,1163,[[0.41 0.59]]
1104,1235,[[0.8 0.2]]
1104,1228,[[0.81 0.19]]
1104,1120,[[0.84 0.16]]
1104,1361,[[0.19 0.81]]
1104,1140,[[0.73 0.27]]
1104,1450,[[0.06 0.94]]
1104,1194,[[0.7 0.3]]
1104,1321,[[0.13 0.87]]
1104,1179,[[0.73 0.27]]
1104,1182,[[0.66 0.34]]
1104,1412,[[0.01 0.99]]
1104,1463,[[0.06 0.94]]
1104,1287,[[0.08 0.92]]
1104,1355,[[0.05 0.95]]
1104,1391,[[0.1 0.9]]
1104,1314,[[0.76 0.24]]
1104,1112,[[0.68 0.32]]
1104,1124,[[0.47 0.53]]
1104,1388,[[0.94 0.06]]
1104,1155,[[0.63 0.37]]
1104,1173,[[0.68 0.32]]
1104,1280,[[0.16 0.84]]
1104,1277,[[0.78 0.22]]
1104,1305,[[0.11 0.89]]
1104,1307,[[0.85 0.15]]
1104,1213,[[0.25 0.75]]
1104,1158,[[0.6 0.4]]
1104,1159,[[0.28 0.72]]
1104,1253,[[0.09 0.91]]
1104,1447,[[0.04 0.96]]
1104,1345,[[0.78 0.22]]
1104,1397,[[0.89 0.11]]
1104,1166,[[0.68 0.32]]
1104,1242,[[0.72 0.28]]
1104,1211,[[0.35 0.65]]
1104,1376,[[0.88 0.12]]
1104,1400,[[0.93 0.07]]
1104,1429,[[0.06 0.94]]
1104,1395,[[0.91 0.09]]
1104,1161,[[0.71 0.29]]
1104,1332,[[0.03 0.97]]
1104,1270,[[0.17 0.83]]
1104,1359,[[0.1 0.9]]
1104,1103,[[0.45 0.55]]
1104,1389,[[0.05 0.95]]
1104,1212,[[0.18 0.82]]
1104,1222,[[0.41 0.59]]
1104,1266,[[0.27 0.73]]
1104,1246,[[0.75 0.25]]
1104,1181,[[0.44 0.56]]
1104,1458,[[0.85 0.15]]
1104,1403,[[0.16 0.84]]
1104,1196,[[0.49 0.51]]
1104,1304,[[0.92 0.08]]
1104,1401,[[0.95 0.05]]
1104,1160,[[0.79 0.21]]
1104,1301,[[0.07 0.93]]
1104,1241,[[0.67 0.33]]
1104,1436,[[0.05 0.95]]
1104,1324,[[0.09 0.91]]
1104,1443,[[0.03 0.97]]
1104,1255,[[0.75 0.25]]
1388,1163,[[0.11 0.89]]
1388,1235,[[0.92 0.08]]
1388,1228,[[0.12 0.88]]
1388,1120,[[0.9 0.1]]
1388,1361,[[0.53 0.47]]
1388,1140,[[0.91 0.09]]
1388,1450,[[0.68 0.32]]
1388,1194,[[0.93 0.07]]
1388,1321,[[0.7 0.3]]
1388,1179,[[0.88 0.12]]
1388,1182,[[0.88 0.12]]
1388,1412,[[0.3 0.7]]
1388,1463,[[0.69 0.31]]
1388,1287,[[0.24 0.76]]
1388,1355,[[0.24 0.76]]
1388,1391,[[0.31 0.69]]
1388,1314,[[0.64 0.36]]
1388,1112,[[0.12 0.88]]
1388,1124,[[0.17 0.83]]
1388,1104,[[0.78 0.22]]
1388,1155,[[0.83 0.17]]
1388,1173,[[0.92 0.08]]
1388,1280,[[0.77 0.23]]
1388,1277,[[0.36 0.64]]
1388,1305,[[0.72 0.28]]
1388,1307,[[0.07 0.93]]
1388,1213,[[0.86 0.14]]
1388,1158,[[0.9 0.1]]
1388,1159,[[0.93 0.07]]
1388,1253,[[0.1 0.9]]
1388,1447,[[0.79 0.21]]
1388,1345,[[0.69 0.31]]
1388,1397,[[0.59 0.41]]
1388,1166,[[0.15 0.85]]
1388,1242,[[0.81 0.19]]
1388,1211,[[0.22 0.78]]
1388,1376,[[0.5 0.5]]
1388,1400,[[0.53 0.47]]
1388,1429,[[0.6 0.4]]
1388,1395,[[0.49 0.51]]
1388,1161,[[0.86 0.14]]
1388,1332,[[0.74 0.26]]
1388,1270,[[0.81 0.19]]
1388,1359,[[0.76 0.24]]
1388,1103,[[0.91 0.09]]
1388,1389,[[0.51 0.49]]
1388,1212,[[0.82 0.18]]
1388,1222,[[0.13 0.87]]
1388,1266,[[0.82 0.18]]
1388,1246,[[0.07 0.93]]
1388,1181,[[0.89 0.11]]
1388,1458,[[0.71 0.29]]
1388,1403,[[0.4 0.6]]
1388,1196,[[0.88 0.12]]
1388,1304,[[0.18 0.82]]
1388,1401,[[0.45 0.55]]
1388,1160,[[0.09 0.91]]
1388,1301,[[0.22 0.78]]
1388,1241,[[0.86 0.14]]
1388,1436,[[0.62 0.38]]
1388,1324,[[0.66 0.34]]
1388,1443,[[0.7 0.3]]
1388,1255,[[0.79 0.21]]
1155,1163,[[0.61 0.39]]
1155,1235,[[0.74 0.26]]
1155,1228,[[0.61 0.39]]
1155,1120,[[0.51 0.49]]
1155,1361,[[0.91 0.09]]
1155,1140,[[0.57 0.43]]
1155,1450,[[0.95 0.05]]
1155,1194,[[0.37 0.63]]
1155,1321,[[0.09 0.91]]
1155,1179,[[0.41 0.59]]
1155,1182,[[0.55 0.45]]
1155,1412,[[0.89 0.11]]
1155,1463,[[0.07 0.93]]
1155,1287,[[0.18 0.82]]
1155,1355,[[0.13 0.87]]
1155,1391,[[0.9 0.1]]
1155,1314,[[0.96 0.04]]
1155,1112,[[0.87 0.13]]
1155,1124,[[0.46 0.54]]
1155,1104,[[0.2 0.8]]
1155,1388,[[0.86 0.14]]
1155,1173,[[0.42 0.58]]
1155,1280,[[0.82 0.18]]
1155,1277,[[0.81 0.19]]
1155,1305,[[0.8 0.2]]
1155,1307,[[0.21 0.79]]
1155,1213,[[0.73 0.27]]
1155,1158,[[0.54 0.46]]
1155,1159,[[0.57 0.43]]
1155,1253,[[0.23 0.77]]
1155,1447,[[0.05 0.95]]
1155,1345,[[0.27 0.73]]
1155,1397,[[0.28 0.72]]
1155,1166,[[0.37 0.63]]
1155,1242,[[0.82 0.18]]
1155,1211,[[0.39 0.61]]
1155,1376,[[0.03 0.97]]
1155,1400,[[0.07 0.93]]
1155,1429,[[0.94 0.06]]
1155,1395,[[0.97 0.03]]
1155,1161,[[0.62 0.38]]
1155,1332,[[0.13 0.87]]
1155,1270,[[0.78 0.22]]
1155,1359,[[0.85 0.15]]
1155,1103,[[0.76 0.24]]
1155,1389,[[0.07 0.93]]
1155,1212,[[0.32 0.68]]
1155,1222,[[0.59 0.41]]
1155,1266,[[0.83 0.17]]
1155,1246,[[0.29 0.71]]
1155,1181,[[0.54 0.46]]
1155,1458,[[0.83 0.17]]
1155,1403,[[0.05 0.95]]
1155,1196,[[0.45 0.55]]
1155,1304,[[0.12 0.88]]
1155,1401,[[0.14 0.86]]
1155,1160,[[0.44 0.56]]
1155,1301,[[0.18 0.82]]
1155,1241,[[0.68 0.32]]
1155,1436,[[0.01 0.99]]
1155,1324,[[0.83 0.17]]
1155,1443,[[0.95 0.05]]
1155,1255,[[0.84 0.16]]
1173,1163,[[0.62 0.38]]
1173,1235,[[0.51 0.49]]
1173,1228,[[0.36 0.64]]
1173,1120,[[0.46 0.54]]
1173,1361,[[0.88 0.12]]
1173,1140,[[0.61 0.39]]
1173,1450,[[0.04 0.96]]
1173,1194,[[0.44 0.56]]
1173,1321,[[0.79 0.21]]
1173,1179,[[0.5 0.5]]
1173,1182,[[0.79 0.21]]
1173,1412,[[0.05 0.95]]
1173,1463,[[0.05 0.95]]
1173,1287,[[0.17 0.83]]
1173,1355,[[0.89 0.11]]
1173,1391,[[0.17 0.83]]
1173,1314,[[0.3 0.7]]
1173,1112,[[0.83 0.17]]
1173,1124,[[0.55 0.45]]
1173,1104,[[0.34 0.66]]
1173,1388,[[0.94 0.06]]
1173,1155,[[0.4 0.6]]
1173,1280,[[0.28 0.72]]
1173,1277,[[0.36 0.64]]
1173,1305,[[0.18 0.82]]
1173,1307,[[0.82 0.18]]
1173,1213,[[0.6 0.4]]
1173,1158,[[0.52 0.48]]
1173,1159,[[0.46 0.54]]
1173,1253,[[0.79 0.21]]
1173,1447,[[0.95 0.05]]
1173,1345,[[0.36 0.64]]
1173,1397,[[0.31 0.69]]
1173,1166,[[0.47 0.53]]
1173,1242,[[0.46 0.54]]
1173,1211,[[0.52 0.48]]
1173,1376,[[0.88 0.12]]
1173,1400,[[0.94 0.06]]
1173,1429,[[0.07 0.93]]
1173,1395,[[0.14 0.86]]
1173,1161,[[0.54 0.46]]
1173,1332,[[0.17 0.83]]
1173,1270,[[0.27 0.73]]
1173,1359,[[0.88 0.12]]
1173,1103,[[0.28 0.72]]
1173,1389,[[0.08 0.92]]
1173,1212,[[0.37 0.63]]
1173,1222,[[0.68 0.32]]
1173,1266,[[0.4 0.6]]
1173,1246,[[0.36 0.64]]
1173,1181,[[0.52 0.48]]
1173,1458,[[0.15 0.85]]
1173,1403,[[0.94 0.06]]
1173,1196,[[0.59 0.41]]
1173,1304,[[0.23 0.77]]
1173,1401,[[0.89 0.11]]
1173,1160,[[0.53 0.47]]
1173,1301,[[0.8 0.2]]
1173,1241,[[0.68 0.32]]
1173,1436,[[0.95 0.05]]
1173,1324,[[0.72 0.28]]
1173,1443,[[0.05 0.95]]
1173,1255,[[0.91 0.09]]
1280,1163,[[0.19 0.81]]
1280,1235,[[0.24 0.76]]
1280,1228,[[0.16 0.84]]
1280,1120,[[0.93 0.07]]
1280,1361,[[0.83 0.17]]
1280,1140,[[0.86 0.14]]
1280,1450,[[0.97 0.03]]
1280,1194,[[0.21 0.79]]
1280,1321,[[0.15 0.85]]
1280,1179,[[0.85 0.15]]
1280,1182,[[0.12 0.88]]
1280,1412,[[0.16 0.84]]
1280,1463,[[0.17 0.83]]
1280,1287,[[0.4 0.6]]
1280,1355,[[0.22 0.78]]
1280,1391,[[0.7 0.3]]
1280,1314,[[0.43 0.57]]
1280,1112,[[0.18 0.82]]
1280,1124,[[0.74 0.26]]
1280,1104,[[0.31 0.69]]
1280,1388,[[0.79 0.21]]
1280,1155,[[0.15 0.85]]
1280,1173,[[0.89 0.11]]
1280,1277,[[0.77 0.23]]
1280,1305,[[0.55 0.45]]
1280,1307,[[0.59 0.41]]
1280,1213,[[0.21 0.79]]
1280,1158,[[0.13 0.87]]
1280,1159,[[0.87 0.13]]
1280,1253,[[0.64 0.36]]
1280,1447,[[0.14 0.86]]
1280,1345,[[0.69 0.31]]
1280,1397,[[0.99 0.01]]
1280,1166,[[0.2 0.8]]
1280,1242,[[0.54 0.46]]
1280,1211,[[0.24 0.76]]
1280,1376,[[0.69 0.31]]
1280,1400,[[0.24 0.76]]
1280,1429,[[0.9 0.1]]
1280,1395,[[0.8 0.2]]
1280,1161,[[0.83 0.17]]
1280,1332,[[0.28 0.72]]
1280,1270,[[0.51 0.49]]
1280,1359,[[0.35 0.65]]
1280,1103,[[0.13 0.87]]
1280,1389,[[0.84 0.16]]
1280,1212,[[0.21 0.79]]
1280,1222,[[0.67 0.33]]
1280,1266,[[0.67 0.33]]
1280,1246,[[0.59 0.41]]
1280,1181,[[0.21 0.79]]
1280,1458,[[0.29 0.71]]
1280,1403,[[0.26 0.74]]
1280,1196,[[0.81 0.19]]
1280,1304,[[0.36 0.64]]
1280,1401,[[0.41 0.59]]
1280,1160,[[0.83 0.17]]
1280,1301,[[0.48 0.52]]
1280,1241,[[0.67 0.33]]
1280,1436,[[0.89 0.11]]
1280,1324,[[0.67 0.33]]
1280,1443,[[0.06 0.94]]
1280,1255,[[0.38 0.62]]
1277,1163,[[0.73 0.27]]
1277,1235,[[0.62 0.38]]
1277,1228,[[0.63 0.37]]
1277,1120,[[0.27 0.73]]
1277,1361,[[0.44 0.56]]
1277,1140,[[0.81 0.19]]
1277,1450,[[0.08 0.92]]
1277,1194,[[0.19 0.81]]
1277,1321,[[0.1 0.9]]
1277,1179,[[0.79 0.21]]
1277,1182,[[0.79 0.21]]
1277,1412,[[0.67 0.33]]
1277,1463,[[0.09 0.91]]
1277,1287,[[0.66 0.34]]
1277,1355,[[0.69 0.31]]
1277,1391,[[0.61 0.39]]
1277,1314,[[0.44 0.56]]
1277,1112,[[0.22 0.78]]
1277,1124,[[0.11 0.89]]
1277,1104,[[0.25 0.75]]
1277,1388,[[0.17 0.83]]
1277,1155,[[0.22 0.78]]
1277,1173,[[0.22 0.78]]
1277,1280,[[0.51 0.49]]
1277,1305,[[0.46 0.54]]
1277,1307,[[0.3 0.7]]
1277,1213,[[0.72 0.28]]
1277,1158,[[0.17 0.83]]
1277,1159,[[0.84 0.16]]
1277,1253,[[0.66 0.34]]
1277,1447,[[0.13 0.87]]
1277,1345,[[0.43 0.57]]
1277,1397,[[0.71 0.29]]
1277,1166,[[0.25 0.75]]
1277,1242,[[0.71 0.29]]
1277,1211,[[0.23 0.77]]
1277,1376,[[0.15 0.85]]
1277,1400,[[0.6 0.4]]
1277,1429,[[0.07 0.93]]
1277,1395,[[0.67 0.33]]
1277,1161,[[0.26 0.74]]
1277,1332,[[0.14 0.86]]
1277,1270,[[0.44 0.56]]
1277,1359,[[0.27 0.73]]
1277,1103,[[0.15 0.85]]
1277,1389,[[0.2 0.8]]
1277,1212,[[0.29 0.71]]
1277,1222,[[0.22 0.78]]
1277,1266,[[0.38 0.62]]
1277,1246,[[0.53 0.47]]
1277,1181,[[0.32 0.68]]
1277,1458,[[0.21 0.79]]
1277,1403,[[0.67 0.33]]
1277,1196,[[0.29 0.71]]
1277,1304,[[0.46 0.54]]
1277,1401,[[0.6 0.4]]
1277,1160,[[0.82 0.18]]
1277,1301,[[0.41 0.59]]
1277,1241,[[0.29 0.71]]
1277,1436,[[0.14 0.86]]
1277,1324,[[0.34 0.66]]
1277,1443,[[0.79 0.21]]
1277,1255,[[0.58 0.42]]
1305,1163,[[0.23 0.77]]
1305,1235,[[0.75 0.25]]
1305,1228,[[0.71 0.29]]
1305,1120,[[0.24 0.76]]
1305,1361,[[0.97 0.03]]
1305,1140,[[0.86 0.14]]
1305,1450,[[0.11 0.89]]
1305,1194,[[0.18 0.82]]
1305,1321,[[0.41 0.59]]
1305,1179,[[0.83 0.17]]
1305,1182,[[0.79 0.21]]
1305,1412,[[0.74 0.26]]
1305,1463,[[0.86 0.14]]
1305,1287,[[0.58 0.42]]
1305,1355,[[0.3 0.7]]
1305,1391,[[0.34 0.66]]
1305,1314,[[0.47 0.53]]
1305,1112,[[0.77 0.23]]
1305,1124,[[0.79 0.21]]
1305,1104,[[0.8 0.2]]
1305,1388,[[0.8 0.2]]
1305,1155,[[0.14 0.86]]
1305,1173,[[0.8 0.2]]
1305,1280,[[0.68 0.32]]
1305,1277,[[0.76 0.24]]
1305,1307,[[0.55 0.45]]
1305,1213,[[0.17 0.83]]
1305,1158,[[0.91 0.09]]
1305,1159,[[0.88 0.12]]
1305,1253,[[0.76 0.24]]
1305,1447,[[0.89 0.11]]
1305,1345,[[0.47 0.53]]
1305,1397,[[0.84 0.16]]
1305,1166,[[0.76 0.24]]
1305,1242,[[0.81 0.19]]
1305,1211,[[0.28 0.72]]
1305,1376,[[0.24 0.76]]
1305,1400,[[0.87 0.13]]
1305,1429,[[0.02 0.98]]
1305,1395,[[0.93 0.07]]
1305,1161,[[0.97 0.03]]
1305,1332,[[0.41 0.59]]
1305,1270,[[0.37 0.63]]
1305,1359,[[0.64 0.36]]
1305,1103,[[0.12 0.88]]
1305,1389,[[0.18 0.82]]
1305,1212,[[0.25 0.75]]
1305,1222,[[0.33 0.67]]
1305,1266,[[0.51 0.49]]
1305,1246,[[0.32 0.68]]
1305,1181,[[0.29 0.71]]
1305,1458,[[0.73 0.27]]
1305,1403,[[0.28 0.72]]
1305,1196,[[0.31 0.69]]
1305,1304,[[0.51 0.49]]
1305,1401,[[0.86 0.14]]
1305,1160,[[0.8 0.2]]
1305,1301,[[0.46 0.54]]
1305,1241,[[0.27 0.73]]
1305,1436,[[0.18 0.82]]
1305,1324,[[0.48 0.52]]
1305,1443,[[0.83 0.17]]
1305,1255,[[0.29 0.71]]
1307,1163,[[0.8 0.2]]
1307,1235,[[0.71 0.29]]
1307,1228,[[0.23 0.77]]
1307,1120,[[0.89 0.11]]
1307,1361,[[1. 0.]]
1307,1140,[[0.14 0.86]]
1307,1450,[[0.17 0.83]]
1307,1194,[[0.2 0.8]]
1307,1321,[[0.37 0.63]]
1307,1179,[[0.18 0.82]]
1307,1182,[[0.79 0.21]]
1307,1412,[[0.76 0.24]]
1307,1463,[[0.93 0.07]]
1307,1287,[[0.4 0.6]]
1307,1355,[[0.38 0.62]]
1307,1391,[[0.29 0.71]]
1307,1314,[[0.36 0.64]]
1307,1112,[[0.76 0.24]]
1307,1124,[[0.27 0.73]]
1307,1104,[[0.31 0.69]]
1307,1388,[[0.29 0.71]]
1307,1155,[[0.78 0.22]]
1307,1173,[[0.85 0.15]]
1307,1280,[[0.63 0.37]]
1307,1277,[[0.79 0.21]]
1307,1305,[[0.25 0.75]]
1307,1213,[[0.75 0.25]]
1307,1158,[[0.18 0.82]]
1307,1159,[[0.2 0.8]]
1307,1253,[[0.28 0.72]]
1307,1447,[[0.18 0.82]]
1307,1345,[[0.33 0.67]]
1307,1397,[[0.86 0.14]]
1307,1166,[[0.78 0.22]]
1307,1242,[[0.69 0.31]]
1307,1211,[[0.8 0.2]]
1307,1376,[[0.27 0.73]]
1307,1400,[[0.33 0.67]]
1307,1429,[[0.77 0.23]]
1307,1395,[[0.31 0.69]]
1307,1161,[[0.07 0.93]]
1307,1332,[[0.34 0.66]]
1307,1270,[[0.55 0.45]]
1307,1359,[[0.43 0.57]]
1307,1103,[[0.14 0.86]]
1307,1389,[[0.31 0.69]]
1307,1212,[[0.33 0.67]]
1307,1222,[[0.32 0.68]]
1307,1266,[[0.59 0.41]]
1307,1246,[[0.62 0.38]]
1307,1181,[[0.23 0.77]]
1307,1458,[[0.24 0.76]]
1307,1403,[[0.77 0.23]]
1307,1196,[[0.88 0.12]]
1307,1304,[[0.45 0.55]]
1307,1401,[[0.49 0.51]]
1307,1160,[[0.17 0.83]]
1307,1301,[[0.43 0.57]]
1307,1241,[[0.77 0.23]]
1307,1436,[[0.21 0.79]]
1307,1324,[[0.59 0.41]]
1307,1443,[[0.22 0.78]]
1307,1255,[[0.39 0.61]]
1213,1163,[[0.49 0.51]]
1213,1235,[[0.37 0.63]]
1213,1228,[[0.46 0.54]]
1213,1120,[[0.36 0.64]]
1213,1361,[[0.64 0.36]]
1213,1140,[[0.36 0.64]]
1213,1450,[[0.04 0.96]]
1213,1194,[[0.53 0.47]]
1213,1321,[[0.76 0.24]]
1213,1179,[[0.55 0.45]]
1213,1182,[[0.58 0.42]]
1213,1412,[[0.12 0.88]]
1213,1463,[[0.08 0.92]]
1213,1287,[[0.29 0.71]]
1213,1355,[[0.21 0.79]]
1213,1391,[[0.16 0.84]]
1213,1314,[[0.7 0.3]]
1213,1112,[[0.37 0.63]]
1213,1124,[[0.68 0.32]]
1213,1104,[[0.62 0.38]]
1213,1388,[[0.16 0.84]]
1213,1155,[[0.55 0.45]]
1213,1173,[[0.41 0.59]]
1213,1280,[[0.68 0.32]]
1213,1277,[[0.71 0.29]]
1213,1305,[[0.16 0.84]]
1213,1307,[[0.74 0.26]]
1213,1158,[[0.53 0.47]]
1213,1159,[[0.3 0.7]]
1213,1253,[[0.27 0.73]]
1213,1447,[[0.06 0.94]]
1213,1345,[[0.25 0.75]]
1213,1397,[[0.23 0.77]]
1213,1166,[[0.41 0.59]]
1213,1242,[[0.55 0.45]]
1213,1211,[[0.41 0.59]]
1213,1376,[[0.78 0.22]]
1213,1400,[[0.11 0.89]]
1213,1429,[[0.03 0.97]]
1213,1395,[[0.84 0.16]]
1213,1161,[[0.57 0.43]]
1213,1332,[[0.75 0.25]]
1213,1270,[[0.31 0.69]]
1213,1359,[[0.15 0.85]]
1213,1103,[[0.19 0.81]]
1213,1389,[[0.12 0.88]]
1213,1212,[[0.53 0.47]]
1213,1222,[[0.45 0.55]]
1213,1266,[[0.32 0.68]]
1213,1246,[[0.35 0.65]]
1213,1181,[[0.37 0.63]]
1213,1458,[[0.14 0.86]]
1213,1403,[[0.1 0.9]]
1213,1196,[[0.66 0.34]]
1213,1304,[[0.69 0.31]]
1213,1401,[[0.12 0.88]]
1213,1160,[[0.39 0.61]]
1213,1301,[[0.13 0.87]]
1213,1241,[[0.48 0.52]]
1213,1436,[[0.96 0.04]]
1213,1324,[[0.72 0.28]]
1213,1443,[[0.05 0.95]]
1213,1255,[[0.25 0.75]]
1158,1163,[[0.5 0.5]]
1158,1235,[[0.47 0.53]]
1158,1228,[[0.54 0.46]]
1158,1120,[[0.56 0.44]]
1158,1361,[[0.25 0.75]]
1158,1140,[[0.43 0.57]]
1158,1450,[[0.05 0.95]]
1158,1194,[[0.44 0.56]]
1158,1321,[[0.12 0.88]]
1158,1179,[[0.37 0.63]]
1158,1182,[[0.4 0.6]]
1158,1412,[[0.86 0.14]]
1158,1463,[[0.98 0.02]]
1158,1287,[[0.81 0.19]]
1158,1355,[[0.1 0.9]]
1158,1391,[[0.9 0.1]]
1158,1314,[[0.78 0.22]]
1158,1112,[[0.4 0.6]]
1158,1124,[[0.54 0.46]]
1158,1104,[[0.32 0.68]]
1158,1388,[[0.92 0.08]]
1158,1155,[[0.26 0.74]]
1158,1173,[[0.32 0.68]]
1158,1280,[[0.23 0.77]]
1158,1277,[[0.28 0.72]]
1158,1305,[[0.12 0.88]]
1158,1307,[[0.24 0.76]]
1158,1213,[[0.43 0.57]]
1158,1159,[[0.6 0.4]]
1158,1253,[[0.21 0.79]]
1158,1447,[[0.97 0.03]]
1158,1345,[[0.72 0.28]]
1158,1397,[[0.84 0.16]]
1158,1166,[[0.41 0.59]]
1158,1242,[[0.71 0.29]]
1158,1211,[[0.32 0.68]]
1158,1376,[[0.15 0.85]]
1158,1400,[[0.87 0.13]]
1158,1429,[[0.96 0.04]]
1158,1395,[[0.14 0.86]]
1158,1161,[[0.38 0.62]]
1158,1332,[[0.14 0.86]]
1158,1270,[[0.23 0.77]]
1158,1359,[[0.84 0.16]]
1158,1103,[[0.17 0.83]]
1158,1389,[[0.05 0.95]]
1158,1212,[[0.76 0.24]]
1158,1222,[[0.39 0.61]]
1158,1266,[[0.29 0.71]]
1158,1246,[[0.36 0.64]]
1158,1181,[[0.49 0.51]]
1158,1458,[[0.81 0.19]]
1158,1403,[[0.12 0.88]]
1158,1196,[[0.54 0.46]]
1158,1304,[[0.16 0.84]]
1158,1401,[[0.85 0.15]]
1158,1160,[[0.53 0.47]]
1158,1301,[[0.18 0.82]]
1158,1241,[[0.68 0.32]]
1158,1436,[[0.02 0.98]]
1158,1324,[[0.84 0.16]]
1158,1443,[[0.97 0.03]]
1158,1255,[[0.26 0.74]]
1159,1163,[[0.49 0.51]]
1159,1235,[[0.33 0.67]]
1159,1228,[[0.42 0.58]]
1159,1120,[[0.42 0.58]]
1159,1361,[[0.25 0.75]]
1159,1140,[[0.5 0.5]]
1159,1450,[[0.08 0.92]]
1159,1194,[[0.45 0.55]]
1159,1321,[[0.81 0.19]]
1159,1179,[[0.49 0.51]]
1159,1182,[[0.46 0.54]]
1159,1412,[[0.2 0.8]]
1159,1463,[[0.06 0.94]]
1159,1287,[[0.16 0.84]]
1159,1355,[[0.88 0.12]]
1159,1391,[[0.17 0.83]]
1159,1314,[[0.32 0.68]]
1159,1112,[[0.65 0.35]]
1159,1124,[[0.62 0.38]]
1159,1104,[[0.45 0.55]]
1159,1388,[[0.85 0.15]]
1159,1155,[[0.45 0.55]]
1159,1173,[[0.51 0.49]]
1159,1280,[[0.75 0.25]]
1159,1277,[[0.74 0.26]]
1159,1305,[[0.22 0.78]]
1159,1307,[[0.27 0.73]]
1159,1213,[[0.54 0.46]]
1159,1158,[[0.46 0.54]]
1159,1253,[[0.24 0.76]]
1159,1447,[[0.07 0.93]]
1159,1345,[[0.75 0.25]]
1159,1397,[[0.8 0.2]]
1159,1166,[[0.54 0.46]]
1159,1242,[[0.41 0.59]]
1159,1211,[[0.58 0.42]]
1159,1376,[[0.84 0.16]]
1159,1400,[[0.85 0.15]]
1159,1429,[[0.14 0.86]]
1159,1395,[[0.92 0.08]]
1159,1161,[[0.49 0.51]]
1159,1332,[[0.83 0.17]]
1159,1270,[[0.68 0.32]]
1159,1359,[[0.87 0.13]]
1159,1103,[[0.61 0.39]]
1159,1389,[[0.91 0.09]]
1159,1212,[[0.7 0.3]]
1159,1222,[[0.59 0.41]]
1159,1266,[[0.75 0.25]]
1159,1246,[[0.39 0.61]]
1159,1181,[[0.55 0.45]]
1159,1458,[[0.22 0.78]]
1159,1403,[[0.14 0.86]]
1159,1196,[[0.56 0.44]]
1159,1304,[[0.32 0.68]]
1159,1401,[[0.26 0.74]]
1159,1160,[[0.53 0.47]]
1159,1301,[[0.28 0.72]]
1159,1241,[[0.22 0.78]]
1159,1436,[[1. 0.]]
1159,1324,[[0.73 0.27]]
1159,1443,[[0.1 0.9]]
1159,1255,[[0.8 0.2]]
1253,1163,[[0.66 0.34]]
1253,1235,[[0.53 0.47]]
1253,1228,[[0.59 0.41]]
1253,1120,[[0.76 0.24]]
1253,1361,[[0.54 0.46]]
1253,1140,[[0.26 0.74]]
1253,1450,[[0.07 0.93]]
1253,1194,[[0.7 0.3]]
1253,1321,[[0.26 0.74]]
1253,1179,[[0.29 0.71]]
1253,1182,[[0.23 0.77]]
1253,1412,[[0.84 0.16]]
1253,1463,[[0.94 0.06]]
1253,1287,[[0.36 0.64]]
1253,1355,[[0.71 0.29]]
1253,1391,[[0.79 0.21]]
1253,1314,[[0.31 0.69]]
1253,1112,[[0.24 0.76]]
1253,1124,[[0.68 0.32]]
1253,1104,[[0.66 0.34]]
1253,1388,[[0.17 0.83]]
1253,1155,[[0.23 0.77]]
1253,1173,[[0.71 0.29]]
1253,1280,[[0.52 0.48]]
1253,1277,[[0.53 0.47]]
1253,1305,[[0.67 0.33]]
1253,1307,[[0.3 0.7]]
1253,1213,[[0.68 0.32]]
1253,1158,[[0.75 0.25]]
1253,1159,[[0.8 0.2]]
1253,1447,[[0.07 0.93]]
1253,1345,[[0.28 0.72]]
1253,1397,[[0.25 0.75]]
1253,1166,[[0.66 0.34]]
1253,1242,[[0.5 0.5]]
1253,1211,[[0.31 0.69]]
1253,1376,[[0.18 0.82]]
1253,1400,[[0.74 0.26]]
1253,1429,[[0.87 0.13]]
1253,1395,[[0.83 0.17]]
1253,1161,[[0.72 0.28]]
1253,1332,[[0.7 0.3]]
1253,1270,[[0.54 0.46]]
1253,1359,[[0.68 0.32]]
1253,1103,[[0.86 0.14]]
1253,1389,[[0.1 0.9]]
1253,1212,[[0.34 0.66]]
1253,1222,[[0.37 0.63]]
1253,1266,[[0.32 0.68]]
1253,1246,[[0.36 0.64]]
1253,1181,[[0.68 0.32]]
1253,1458,[[0.15 0.85]]
1253,1403,[[0.18 0.82]]
1253,1196,[[0.68 0.32]]
1253,1304,[[0.3 0.7]]
1253,1401,[[0.68 0.32]]
1253,1160,[[0.29 0.71]]
1253,1301,[[0.63 0.37]]
1253,1241,[[0.57 0.43]]
1253,1436,[[0.94 0.06]]
1253,1324,[[0.3 0.7]]
1253,1443,[[0.05 0.95]]
1253,1255,[[0.55 0.45]]
1447,1163,[[0.17 0.83]]
1447,1235,[[0.85 0.15]]
1447,1228,[[0.17 0.83]]
1447,1120,[[0.16 0.84]]
1447,1361,[[0.32 0.68]]
1447,1140,[[0.89 0.11]]
1447,1450,[[0.44 0.56]]
1447,1194,[[0.91 0.09]]
1447,1321,[[0.23 0.77]]
1447,1179,[[0.1 0.9]]
1447,1182,[[0.9 0.1]]
1447,1412,[[0.6 0.4]]
1447,1463,[[0.47 0.53]]
1447,1287,[[0.21 0.79]]
1447,1355,[[0.24 0.76]]
1447,1391,[[0.59 0.41]]
1447,1314,[[0.64 0.36]]
1447,1112,[[0.14 0.86]]
1447,1124,[[0.17 0.83]]
1447,1104,[[0.19 0.81]]
1447,1388,[[0.32 0.68]]
1447,1155,[[0.82 0.18]]
1447,1173,[[0.08 0.92]]
1447,1280,[[0.73 0.27]]
1447,1277,[[0.33 0.67]]
1447,1305,[[0.7 0.3]]
1447,1307,[[0.75 0.25]]
1447,1213,[[0.89 0.11]]
1447,1158,[[0.08 0.92]]
1447,1159,[[0.06 0.94]]
1447,1253,[[0.87 0.13]]
1447,1345,[[0.64 0.36]]
1447,1397,[[0.41 0.59]]
1447,1166,[[0.85 0.15]]
1447,1242,[[0.25 0.75]]
1447,1211,[[0.16 0.84]]
1447,1376,[[0.63 0.37]]
1447,1400,[[0.66 0.34]]
1447,1429,[[0.53 0.47]]
1447,1395,[[0.35 0.65]]
1447,1161,[[0.84 0.16]]
1447,1332,[[0.76 0.24]]
1447,1270,[[0.19 0.81]]
1447,1359,[[0.23 0.77]]
1447,1103,[[0.03 0.97]]
1447,1389,[[0.2 0.8]]
1447,1212,[[0.07 0.93]]
1447,1222,[[0.22 0.78]]
1447,1266,[[0.69 0.31]]
1447,1246,[[0.82 0.18]]
1447,1181,[[0.85 0.15]]
1447,1458,[[0.42 0.58]]
1447,1403,[[0.67 0.33]]
1447,1196,[[0.16 0.84]]
1447,1304,[[0.78 0.22]]
1447,1401,[[0.32 0.68]]
1447,1160,[[0.07 0.93]]
1447,1301,[[0.74 0.26]]
1447,1241,[[0.88 0.12]]
1447,1436,[[0.42 0.58]]
1447,1324,[[0.26 0.74]]
1447,1443,[[0.51 0.49]]
1447,1255,[[0.83 0.17]]
1345,1163,[[0.79 0.21]]
1345,1235,[[0.31 0.69]]
1345,1228,[[0.1 0.9]]
1345,1120,[[0.89 0.11]]
1345,1361,[[0.41 0.59]]
1345,1140,[[0.12 0.88]]
1345,1450,[[0.27 0.73]]
1345,1194,[[0.78 0.22]]
1345,1321,[[0.63 0.37]]
1345,1179,[[0.85 0.15]]
1345,1182,[[0.09 0.91]]
1345,1412,[[0.28 0.72]]
1345,1463,[[0.77 0.23]]
1345,1287,[[0.41 0.59]]
1345,1355,[[0.59 0.41]]
1345,1391,[[0.42 0.58]]
1345,1314,[[0.47 0.53]]
1345,1112,[[0.91 0.09]]
1345,1124,[[0.76 0.24]]
1345,1104,[[0.78 0.22]]
1345,1388,[[0.33 0.67]]
1345,1155,[[0.86 0.14]]
1345,1173,[[0.14 0.86]]
1345,1280,[[0.64 0.36]]
1345,1277,[[0.8 0.2]]
1345,1305,[[0.37 0.63]]
1345,1307,[[0.62 0.38]]
1345,1213,[[0.77 0.23]]
1345,1158,[[0.83 0.17]]
1345,1159,[[0.19 0.81]]
1345,1253,[[0.7 0.3]]
1345,1447,[[0.22 0.78]]
1345,1397,[[0.55 0.45]]
1345,1166,[[0.87 0.13]]
1345,1242,[[0.73 0.27]]
1345,1211,[[0.09 0.91]]
1345,1376,[[0.68 0.32]]
1345,1400,[[0.59 0.41]]
1345,1429,[[0.73 0.27]]
1345,1395,[[0.29 0.71]]
1345,1161,[[0.87 0.13]]
1345,1332,[[0.53 0.47]]
1345,1270,[[0.61 0.39]]
1345,1359,[[0.46 0.54]]
1345,1103,[[0.14 0.86]]
1345,1389,[[0.35 0.65]]
1345,1212,[[0.19 0.81]]
1345,1222,[[0.22 0.78]]
1345,1266,[[0.1 0.9]]
1345,1246,[[0.26 0.74]]
1345,1181,[[0.84 0.16]]
1345,1458,[[0.03 0.97]]
1345,1403,[[0.6 0.4]]
1345,1196,[[0.15 0.85]]
1345,1304,[[0.3 0.7]]
1345,1401,[[0.57 0.43]]
1345,1160,[[0.16 0.84]]
1345,1301,[[0.72 0.28]]
1345,1241,[[0.2 0.8]]
1345,1436,[[0.32 0.68]]
1345,1324,[[0.47 0.53]]
1345,1443,[[0.75 0.25]]
1345,1255,[[0.37 0.63]]
1397,1163,[[0.16 0.84]]
1397,1235,[[0.17 0.83]]
1397,1228,[[0.75 0.25]]
1397,1120,[[0.15 0.85]]
1397,1361,[[0.35 0.65]]
1397,1140,[[0.89 0.11]]
1397,1450,[[0.23 0.77]]
1397,1194,[[0.09 0.91]]
1397,1321,[[0.62 0.38]]
1397,1179,[[0.08 0.92]]
1397,1182,[[0.9 0.1]]
1397,1412,[[0.25 0.75]]
1397,1463,[[0.67 0.33]]
1397,1287,[[0.21 0.79]]
1397,1355,[[0.52 0.48]]
1397,1391,[[0.4 0.6]]
1397,1314,[[0.53 0.47]]
1397,1112,[[0.89 0.11]]
1397,1124,[[0.67 0.33]]
1397,1104,[[0.01 0.99]]
1397,1388,[[0.39 0.61]]
1397,1155,[[0.08 0.92]]
1397,1173,[[0.9 0.1]]
1397,1280,[[0.14 0.86]]
1397,1277,[[0.62 0.38]]
1397,1305,[[0.12 0.88]]
1397,1307,[[0.22 0.78]]
1397,1213,[[0.87 0.13]]
1397,1158,[[0.85 0.15]]
1397,1159,[[0.85 0.15]]
1397,1253,[[0.12 0.88]]
1397,1447,[[0.31 0.69]]
1397,1345,[[0.39 0.61]]
1397,1166,[[0.14 0.86]]
1397,1242,[[0.71 0.29]]
1397,1211,[[0.1 0.9]]
1397,1376,[[0.1 0.9]]
1397,1400,[[0.29 0.71]]
1397,1429,[[0.6 0.4]]
1397,1395,[[0.39 0.61]]
1397,1161,[[0.09 0.91]]
1397,1332,[[0.57 0.43]]
1397,1270,[[0.64 0.36]]
1397,1359,[[0.43 0.57]]
1397,1103,[[0.85 0.15]]
1397,1389,[[0.51 0.49]]
1397,1212,[[0.71 0.29]]
1397,1222,[[0.81 0.19]]
1397,1266,[[0.57 0.43]]
1397,1246,[[0.04 0.96]]
1397,1181,[[0.21 0.79]]
1397,1458,[[0.62 0.38]]
1397,1403,[[0.3 0.7]]
1397,1196,[[0.93 0.07]]
1397,1304,[[0.61 0.39]]
1397,1401,[[0.14 0.86]]
1397,1160,[[0.09 0.91]]
1397,1301,[[0.05 0.95]]
1397,1241,[[0.81 0.19]]
1397,1436,[[0.24 0.76]]
1397,1324,[[0.57 0.43]]
1397,1443,[[0.29 0.71]]
1397,1255,[[0.14 0.86]]
1166,1163,[[0.84 0.16]]
1166,1235,[[0.76 0.24]]
1166,1228,[[0.52 0.48]]
1166,1120,[[0.76 0.24]]
1166,1361,[[0.9 0.1]]
1166,1140,[[0.61 0.39]]
1166,1450,[[0.95 0.05]]
1166,1194,[[0.63 0.37]]
1166,1321,[[0.81 0.19]]
1166,1179,[[0.52 0.48]]
1166,1182,[[0.62 0.38]]
1166,1412,[[0.07 0.93]]
1166,1463,[[0.98 0.02]]
1166,1287,[[0.86 0.14]]
1166,1355,[[0.11 0.89]]
1166,1391,[[0.85 0.15]]
1166,1314,[[0.28 0.72]]
1166,1112,[[0.9 0.1]]
1166,1124,[[0.44 0.56]]
1166,1104,[[0.57 0.43]]
1166,1388,[[0.84 0.16]]
1166,1155,[[0.51 0.49]]
1166,1173,[[0.54 0.46]]
1166,1280,[[0.18 0.82]]
1166,1277,[[0.26 0.74]]
1166,1305,[[0.08 0.92]]
1166,1307,[[0.77 0.23]]
1166,1213,[[0.67 0.33]]
1166,1158,[[0.62 0.38]]
1166,1159,[[0.7 0.3]]
1166,1253,[[0.23 0.77]]
1166,1447,[[0.94 0.06]]
1166,1345,[[0.74 0.26]]
1166,1397,[[0.89 0.11]]
1166,1242,[[0.84 0.16]]
1166,1211,[[0.44 0.56]]
1166,1376,[[0.04 0.96]]
1166,1400,[[0.03 0.97]]
1166,1429,[[0.96 0.04]]
1166,1395,[[0.91 0.09]]
1166,1161,[[0.55 0.45]]
1166,1332,[[0.13 0.87]]
1166,1270,[[0.7 0.3]]
1166,1359,[[0.13 0.87]]
1166,1103,[[0.72 0.28]]
1166,1389,[[0.93 0.07]]
1166,1212,[[0.49 0.51]]
1166,1222,[[0.61 0.39]]
1166,1266,[[0.27 0.73]]
1166,1246,[[0.76 0.24]]
1166,1181,[[0.71 0.29]]
1166,1458,[[0.08 0.92]]
1166,1403,[[0.04 0.96]]
1166,1196,[[0.71 0.29]]
1166,1304,[[0.75 0.25]]
1166,1401,[[0.9 0.1]]
1166,1160,[[0.49 0.51]]
1166,1301,[[0.89 0.11]]
1166,1241,[[0.32 0.68]]
1166,1436,[[0.95 0.05]]
1166,1324,[[0.22 0.78]]
1166,1443,[[0.06 0.94]]
1166,1255,[[0.35 0.65]]
1242,1163,[[0.13 0.87]]
1242,1235,[[0.58 0.42]]
1242,1228,[[0.71 0.29]]
1242,1120,[[0.81 0.19]]
1242,1361,[[0.26 0.74]]
1242,1140,[[0.26 0.74]]
1242,1450,[[0.13 0.87]]
1242,1194,[[0.22 0.78]]
1242,1321,[[0.71 0.29]]
1242,1179,[[0.19 0.81]]
1242,1182,[[0.28 0.72]]
1242,1412,[[0.11 0.89]]
1242,1463,[[0.12 0.88]]
1242,1287,[[0.74 0.26]]
1242,1355,[[0.16 0.84]]
1242,1391,[[0.16 0.84]]
1242,1314,[[0.25 0.75]]
1242,1112,[[0.28 0.72]]
1242,1124,[[0.17 0.83]]
1242,1104,[[0.67 0.33]]
1242,1388,[[0.81 0.19]]
1242,1155,[[0.27 0.73]]
1242,1173,[[0.75 0.25]]
1242,1280,[[0.22 0.78]]
1242,1277,[[0.3 0.7]]
1242,1305,[[0.17 0.83]]
1242,1307,[[0.31 0.69]]
1242,1213,[[0.26 0.74]]
1242,1158,[[0.68 0.32]]
1242,1159,[[0.8 0.2]]
1242,1253,[[0.42 0.58]]
1242,1447,[[0.1 0.9]]
1242,1345,[[0.59 0.41]]
1242,1397,[[0.14 0.86]]
1242,1166,[[0.74 0.26]]
1242,1211,[[0.31 0.69]]
1242,1376,[[0.14 0.86]]
1242,1400,[[0.96 0.04]]
1242,1429,[[0.08 0.92]]
1242,1395,[[0.19 0.81]]
1242,1161,[[0.33 0.67]]
1242,1332,[[0.73 0.27]]
1242,1270,[[0.43 0.57]]
1242,1359,[[0.76 0.24]]
1242,1103,[[0.81 0.19]]
1242,1389,[[0.84 0.16]]
1242,1212,[[0.35 0.65]]
1242,1222,[[0.38 0.62]]
1242,1266,[[0.37 0.63]]
1242,1246,[[0.82 0.18]]
1242,1181,[[0.4 0.6]]
1242,1458,[[0.73 0.27]]
1242,1403,[[0.1 0.9]]
1242,1196,[[0.33 0.67]]
1242,1304,[[0.18 0.82]]
1242,1401,[[0.14 0.86]]
1242,1160,[[0.27 0.73]]
1242,1301,[[0.68 0.32]]
1242,1241,[[0.65 0.35]]
1242,1436,[[0.92 0.08]]
1242,1324,[[0.68 0.32]]
1242,1443,[[0.13 0.87]]
1242,1255,[[0.4 0.6]]
1211,1163,[[0.65 0.35]]
1211,1235,[[0.6 0.4]]
1211,1228,[[0.4 0.6]]
1211,1120,[[0.38 0.62]]
1211,1361,[[0.84 0.16]]
1211,1140,[[0.63 0.37]]
1211,1450,[[0.01 0.99]]
1211,1194,[[0.3 0.7]]
1211,1321,[[0.16 0.84]]
1211,1179,[[0.34 0.66]]
1211,1182,[[0.36 0.64]]
1211,1412,[[0.92 0.08]]
1211,1463,[[0.01 0.99]]
1211,1287,[[0.26 0.74]]
1211,1355,[[0.1 0.9]]
1211,1391,[[0.83 0.17]]
1211,1314,[[0.74 0.26]]
1211,1112,[[0.3 0.7]]
1211,1124,[[0.33 0.67]]
1211,1104,[[0.58 0.42]]
1211,1388,[[0.02 0.98]]
1211,1155,[[0.32 0.68]]
1211,1173,[[0.5 0.5]]
1211,1280,[[0.24 0.76]]
1211,1277,[[0.34 0.66]]
1211,1305,[[0.73 0.27]]
1211,1307,[[0.11 0.89]]
1211,1213,[[0.36 0.64]]
1211,1158,[[0.32 0.68]]
1211,1159,[[0.34 0.66]]
1211,1253,[[0.7 0.3]]
1211,1447,[[0.98 0.02]]
1211,1345,[[0.34 0.66]]
1211,1397,[[0.23 0.77]]
1211,1166,[[0.43 0.57]]
1211,1242,[[0.7 0.3]]
1211,1376,[[0.06 0.94]]
1211,1400,[[0.9 0.1]]
1211,1429,[[0.05 0.95]]
1211,1395,[[0.11 0.89]]
1211,1161,[[0.42 0.58]]
1211,1332,[[0.83 0.17]]
1211,1270,[[0.73 0.27]]
1211,1359,[[0.87 0.13]]
1211,1103,[[0.69 0.31]]
1211,1389,[[0.93 0.07]]
1211,1212,[[0.41 0.59]]
1211,1222,[[0.53 0.47]]
1211,1266,[[0.66 0.34]]
1211,1246,[[0.19 0.81]]
1211,1181,[[0.59 0.41]]
1211,1458,[[0.16 0.84]]
1211,1403,[[0.09 0.91]]
1211,1196,[[0.46 0.54]]
1211,1304,[[0.2 0.8]]
1211,1401,[[0.14 0.86]]
1211,1160,[[0.52 0.48]]
1211,1301,[[0.26 0.74]]
1211,1241,[[0.53 0.47]]
1211,1436,[[0.07 0.93]]
1211,1324,[[0.23 0.77]]
1211,1443,[[0.07 0.93]]
1211,1255,[[0.25 0.75]]
1376,1163,[[0.2 0.8]]
1376,1235,[[0.25 0.75]]
1376,1228,[[0.25 0.75]]
1376,1120,[[0.9 0.1]]
1376,1361,[[0.8 0.2]]
1376,1140,[[0.16 0.84]]
1376,1450,[[0.36 0.64]]
1376,1194,[[0.17 0.83]]
1376,1321,[[0.4 0.6]]
1376,1179,[[0.92 0.08]]
1376,1182,[[0.84 0.16]]
1376,1412,[[0.45 0.55]]
1376,1463,[[0.79 0.21]]
1376,1287,[[0.68 0.32]]
1376,1355,[[0.35 0.65]]
1376,1391,[[0.44 0.56]]
1376,1314,[[0.56 0.44]]
1376,1112,[[0.87 0.13]]
1376,1124,[[0.83 0.17]]
1376,1104,[[0.36 0.64]]
1376,1388,[[0.71 0.29]]
1376,1155,[[0.84 0.16]]
1376,1173,[[0.17 0.83]]
1376,1280,[[0.92 0.08]]
1376,1277,[[0.84 0.16]]
1376,1305,[[0.4 0.6]]
1376,1307,[[0.5 0.5]]
1376,1213,[[0.95 0.05]]
1376,1158,[[0.12 0.88]]
1376,1159,[[0.12 0.88]]
1376,1253,[[0.21 0.79]]
1376,1447,[[0.74 0.26]]
1376,1345,[[0.65 0.35]]
1376,1397,[[0.62 0.38]]
1376,1166,[[0.89 0.11]]
1376,1242,[[0.39 0.61]]
1376,1211,[[0.22 0.78]]
1376,1400,[[0.61 0.39]]
1376,1429,[[0.71 0.29]]
1376,1395,[[0.67 0.33]]
1376,1161,[[0.92 0.08]]
1376,1332,[[0.72 0.28]]
1376,1270,[[0.31 0.69]]
1376,1359,[[0.43 0.57]]
1376,1103,[[0.09 0.91]]
1376,1389,[[0.52 0.48]]
1376,1212,[[0.11 0.89]]
1376,1222,[[0.24 0.76]]
1376,1266,[[0.48 0.52]]
1376,1246,[[0.76 0.24]]
1376,1181,[[0.22 0.78]]
1376,1458,[[0.77 0.23]]
1376,1403,[[0.79 0.21]]
1376,1196,[[0.31 0.69]]
1376,1304,[[0.74 0.26]]
1376,1401,[[0.75 0.25]]
1376,1160,[[0.22 0.78]]
1376,1301,[[0.33 0.67]]
1376,1241,[[0.82 0.18]]
1376,1436,[[0.69 0.31]]
1376,1324,[[0.36 0.64]]
1376,1443,[[0.3 0.7]]
1376,1255,[[0.72 0.28]]
1400,1163,[[0.83 0.17]]
1400,1235,[[0.13 0.87]]
1400,1228,[[0.85 0.15]]
1400,1120,[[0.08 0.92]]
1400,1361,[[0.73 0.27]]
1400,1140,[[0.07 0.93]]
1400,1450,[[0.26 0.74]]
1400,1194,[[0.86 0.14]]
1400,1321,[[0.2 0.8]]
1400,1179,[[0.05 0.95]]
1400,1182,[[0.07 0.93]]
1400,1412,[[0.62 0.38]]
1400,1463,[[0.23 0.77]]
1400,1287,[[0.24 0.76]]
1400,1355,[[0.25 0.75]]
1400,1391,[[0.53 0.47]]
1400,1314,[[0.7 0.3]]
1400,1112,[[0.88 0.12]]
1400,1124,[[0.66 0.34]]
1400,1104,[[0.82 0.18]]
1400,1388,[[0.43 0.57]]
1400,1155,[[0.8 0.2]]
1400,1173,[[0.86 0.14]]
1400,1280,[[0.79 0.21]]
1400,1277,[[0.5 0.5]]
1400,1305,[[0.67 0.33]]
1400,1307,[[0.21 0.79]]
1400,1213,[[0.9 0.1]]
1400,1158,[[0.92 0.08]]
1400,1159,[[0.16 0.84]]
1400,1253,[[0.78 0.22]]
1400,1447,[[0.76 0.24]]
1400,1345,[[0.62 0.38]]
1400,1397,[[0.72 0.28]]
1400,1166,[[0.19 0.81]]
1400,1242,[[0.42 0.58]]
1400,1211,[[0.14 0.86]]
1400,1376,[[0.5 0.5]]
1400,1429,[[0.34 0.66]]
1400,1395,[[0.15 0.85]]
1400,1161,[[0.89 0.11]]
1400,1332,[[0.63 0.37]]
1400,1270,[[0.2 0.8]]
1400,1359,[[0.62 0.38]]
1400,1103,[[0.08 0.92]]
1400,1389,[[0.47 0.53]]
1400,1212,[[0.13 0.87]]
1400,1222,[[0.17 0.83]]
1400,1266,[[0.79 0.21]]
1400,1246,[[0.77 0.23]]
1400,1181,[[0.83 0.17]]
1400,1458,[[0.78 0.22]]
1400,1403,[[0.81 0.19]]
1400,1196,[[0.17 0.83]]
1400,1304,[[0.76 0.24]]
1400,1401,[[0.58 0.42]]
1400,1160,[[0.87 0.13]]
1400,1301,[[0.14 0.86]]
1400,1241,[[0.1 0.9]]
1400,1436,[[0.76 0.24]]
1400,1324,[[0.32 0.68]]
1400,1443,[[0.27 0.73]]
1400,1255,[[0.17 0.83]]
1429,1163,[[0.9 0.1]]
1429,1235,[[0.92 0.08]]
1429,1228,[[0.19 0.81]]
1429,1120,[[0.92 0.08]]
1429,1361,[[0.84 0.16]]
1429,1140,[[0.11 0.89]]
1429,1450,[[0.5 0.5]]
1429,1194,[[0.94 0.06]]
1429,1321,[[0.14 0.86]]
1429,1179,[[0.01 0.99]]
1429,1182,[[0.02 0.98]]
1429,1412,[[0.59 0.41]]
1429,1463,[[0.41 0.59]]
1429,1287,[[0.83 0.17]]
1429,1355,[[0.22 0.78]]
1429,1391,[[0.63 0.37]]
1429,1314,[[0.24 0.76]]
1429,1112,[[0.06 0.94]]
1429,1124,[[0.24 0.76]]
1429,1104,[[0.22 0.78]]
1429,1388,[[0.29 0.71]]
1429,1155,[[0.06 0.94]]
1429,1173,[[0.02 0.98]]
1429,1280,[[0.27 0.73]]
1429,1277,[[0.35 0.65]]
1429,1305,[[0.87 0.13]]
1429,1307,[[0.29 0.71]]
1429,1213,[[0.98 0.02]]
1429,1158,[[0.08 0.92]]
1429,1159,[[0.04 0.96]]
1429,1253,[[0.1 0.9]]
1429,1447,[[0.55 0.45]]
1429,1345,[[0.71 0.29]]
1429,1397,[[0.48 0.52]]
1429,1166,[[0.1 0.9]]
1429,1242,[[0.85 0.15]]
1429,1211,[[0.09 0.91]]
1429,1376,[[0.16 0.84]]
1429,1400,[[0.65 0.35]]
1429,1395,[[0.37 0.63]]
1429,1161,[[0.03 0.97]]
1429,1332,[[0.88 0.12]]
1429,1270,[[0.17 0.83]]
1429,1359,[[0.2 0.8]]
1429,1103,[[0.04 0.96]]
1429,1389,[[0.25 0.75]]
1429,1212,[[0.9 0.1]]
1429,1222,[[0.89 0.11]]
1429,1266,[[0.29 0.71]]
1429,1246,[[0.15 0.85]]
1429,1181,[[0.9 0.1]]
1429,1458,[[0.45 0.55]]
1429,1403,[[0.39 0.61]]
1429,1196,[[0.94 0.06]]
1429,1304,[[0.13 0.87]]
1429,1401,[[0.45 0.55]]
1429,1160,[[0.97 0.03]]
1429,1301,[[0.07 0.93]]
1429,1241,[[0.91 0.09]]
1429,1436,[[0.53 0.47]]
1429,1324,[[0.15 0.85]]
1429,1443,[[0.6 0.4]]
1429,1255,[[0.1 0.9]]
1395,1163,[[0.14 0.86]]
1395,1235,[[0.89 0.11]]
1395,1228,[[0.13 0.87]]
1395,1120,[[0.11 0.89]]
1395,1361,[[0.76 0.24]]
1395,1140,[[0.11 0.89]]
1395,1450,[[0.31 0.69]]
1395,1194,[[0.12 0.88]]
1395,1321,[[0.32 0.68]]
1395,1179,[[0.05 0.95]]
1395,1182,[[0.09 0.91]]
1395,1412,[[0.62 0.38]]
1395,1463,[[0.24 0.76]]
1395,1287,[[0.24 0.76]]
1395,1355,[[0.64 0.36]]
1395,1391,[[0.5 0.5]]
1395,1314,[[0.37 0.63]]
1395,1112,[[0.87 0.13]]
1395,1124,[[0.23 0.77]]
1395,1104,[[0.78 0.22]]
1395,1388,[[0.57 0.43]]
1395,1155,[[0.86 0.14]]
1395,1173,[[0.88 0.12]]
1395,1280,[[0.79 0.21]]
1395,1277,[[0.5 0.5]]
1395,1305,[[0.29 0.71]]
1395,1307,[[0.75 0.25]]
1395,1213,[[0.07 0.93]]
1395,1158,[[0.09 0.91]]
1395,1159,[[0.93 0.07]]
1395,1253,[[0.13 0.87]]
1395,1447,[[0.75 0.25]]
1395,1345,[[0.56 0.44]]
1395,1397,[[0.65 0.35]]
1395,1166,[[0.87 0.13]]
1395,1242,[[0.43 0.57]]
1395,1211,[[0.14 0.86]]
1395,1376,[[0.51 0.49]]
1395,1400,[[0.67 0.33]]
1395,1429,[[0.71 0.29]]
1395,1161,[[0.13 0.87]]
1395,1332,[[0.72 0.28]]
1395,1270,[[0.79 0.21]]
1395,1359,[[0.62 0.38]]
1395,1103,[[0.06 0.94]]
1395,1389,[[0.43 0.57]]
1395,1212,[[0.83 0.17]]
1395,1222,[[0.9 0.1]]
1395,1266,[[0.44 0.56]]
1395,1246,[[0.2 0.8]]
1395,1181,[[0.19 0.81]]
1395,1458,[[0.36 0.64]]
1395,1403,[[0.81 0.19]]
1395,1196,[[0.18 0.82]]
1395,1304,[[0.76 0.24]]
1395,1401,[[0.56 0.44]]
1395,1160,[[0.91 0.09]]
1395,1301,[[0.16 0.84]]
1395,1241,[[0.09 0.91]]
1395,1436,[[0.62 0.38]]
1395,1324,[[0.67 0.33]]
1395,1443,[[0.16 0.84]]
1395,1255,[[0.79 0.21]]
1161,1163,[[0.55 0.45]]
1161,1235,[[0.77 0.23]]
1161,1228,[[0.59 0.41]]
1161,1120,[[0.69 0.31]]
1161,1361,[[1. 0.]]
1161,1140,[[0.64 0.36]]
1161,1450,[[0.98 0.02]]
1161,1194,[[0.46 0.54]]
1161,1321,[[0.16 0.84]]
1161,1179,[[0.46 0.54]]
1161,1182,[[0.65 0.35]]
1161,1412,[[0.05 0.95]]
1161,1463,[[0.04 0.96]]
1161,1287,[[0.13 0.87]]
1161,1355,[[0.87 0.13]]
1161,1391,[[0.86 0.14]]
1161,1314,[[0.27 0.73]]
1161,1112,[[0.45 0.55]]
1161,1124,[[0.41 0.59]]
1161,1104,[[0.35 0.65]]
1161,1388,[[0.09 0.91]]
1161,1155,[[0.44 0.56]]
1161,1173,[[0.46 0.54]]
1161,1280,[[0.27 0.73]]
1161,1277,[[0.34 0.66]]
1161,1305,[[0.82 0.18]]
1161,1307,[[0.25 0.75]]
1161,1213,[[0.72 0.28]]
1161,1158,[[0.55 0.45]]
1161,1159,[[0.51 0.49]]
1161,1253,[[0.78 0.22]]
1161,1447,[[0.06 0.94]]
1161,1345,[[0.75 0.25]]
1161,1397,[[0.93 0.07]]
1161,1166,[[0.18 0.82]]
1161,1242,[[0.75 0.25]]
1161,1211,[[0.68 0.32]]
1161,1376,[[0.1 0.9]]
1161,1400,[[0.94 0.06]]
1161,1429,[[1. 0.]]
1161,1395,[[0.12 0.88]]
1161,1332,[[0.85 0.15]]
1161,1270,[[0.77 0.23]]
1161,1359,[[0.91 0.09]]
1161,1103,[[0.66 0.34]]
1161,1389,[[0.05 0.95]]
1161,1212,[[0.34 0.66]]
1161,1222,[[0.54 0.46]]
1161,1266,[[0.3 0.7]]
1161,1246,[[0.67 0.33]]
1161,1181,[[0.66 0.34]]
1161,1458,[[0.9 0.1]]
1161,1403,[[0.97 0.03]]
1161,1196,[[0.62 0.38]]
1161,1304,[[0.16 0.84]]
1161,1401,[[0.95 0.05]]
1161,1160,[[0.29 0.71]]
1161,1301,[[0.22 0.78]]
1161,1241,[[0.67 0.33]]
1161,1436,[[0.98 0.02]]
1161,1324,[[0.16 0.84]]
1161,1443,[[0.96 0.04]]
1161,1255,[[0.74 0.26]]
1332,1163,[[0.79 0.21]]
1332,1235,[[0.81 0.19]]
1332,1228,[[0.8 0.2]]
1332,1120,[[0.14 0.86]]
1332,1361,[[0.75 0.25]]
1332,1140,[[0.16 0.84]]
1332,1450,[[0.95 0.05]]
1332,1194,[[0.11 0.89]]
1332,1321,[[0.51 0.49]]
1332,1179,[[0.14 0.86]]
1332,1182,[[0.89 0.11]]
1332,1412,[[0.25 0.75]]
1332,1463,[[0.16 0.84]]
1332,1287,[[0.58 0.42]]
1332,1355,[[0.57 0.43]]
1332,1391,[[0.58 0.42]]
1332,1314,[[0.44 0.56]]
1332,1112,[[0.81 0.19]]
1332,1124,[[0.86 0.14]]
1332,1104,[[0.78 0.22]]
1332,1388,[[0.74 0.26]]
1332,1155,[[0.09 0.91]]
1332,1173,[[0.09 0.91]]
1332,1280,[[0.5 0.5]]
1332,1277,[[0.71 0.29]]
1332,1305,[[0.39 0.61]]
1332,1307,[[0.61 0.39]]
1332,1213,[[0.87 0.13]]
1332,1158,[[0.89 0.11]]
1332,1159,[[0.88 0.12]]
1332,1253,[[0.24 0.76]]
1332,1447,[[0.92 0.08]]
1332,1345,[[0.51 0.49]]
1332,1397,[[0.74 0.26]]
1332,1166,[[0.84 0.16]]
1332,1242,[[0.84 0.16]]
1332,1211,[[0.82 0.18]]
1332,1376,[[0.66 0.34]]
1332,1400,[[0.35 0.65]]
1332,1429,[[0.81 0.19]]
1332,1395,[[0.68 0.32]]
1332,1161,[[0.15 0.85]]
1332,1270,[[0.28 0.72]]
1332,1359,[[0.42 0.58]]
1332,1103,[[0.04 0.96]]
1332,1389,[[0.35 0.65]]
1332,1212,[[0.18 0.82]]
1332,1222,[[0.23 0.77]]
1332,1266,[[0.42 0.58]]
1332,1246,[[0.66 0.34]]
1332,1181,[[0.84 0.16]]
1332,1458,[[0.34 0.66]]
1332,1403,[[0.36 0.64]]
1332,1196,[[0.23 0.77]]
1332,1304,[[0.47 0.53]]
1332,1401,[[0.79 0.21]]
1332,1160,[[0.96 0.04]]
1332,1301,[[0.49 0.51]]
1332,1241,[[0.19 0.81]]
1332,1436,[[0.15 0.85]]
1332,1324,[[0.51 0.49]]
1332,1443,[[0.08 0.92]]
1332,1255,[[0.25 0.75]]
1270,1163,[[0.65 0.35]]
1270,1235,[[0.34 0.66]]
1270,1228,[[0.43 0.57]]
1270,1120,[[0.75 0.25]]
1270,1361,[[0.72 0.28]]
1270,1140,[[0.37 0.63]]
1270,1450,[[0.88 0.12]]
1270,1194,[[0.3 0.7]]
1270,1321,[[0.31 0.69]]
1270,1179,[[0.7 0.3]]
1270,1182,[[0.26 0.74]]
1270,1412,[[0.3 0.7]]
1270,1463,[[0.88 0.12]]
1270,1287,[[0.55 0.45]]
1270,1355,[[0.77 0.23]]
1270,1391,[[0.62 0.38]]
1270,1314,[[0.67 0.33]]
1270,1112,[[0.74 0.26]]
1270,1124,[[0.72 0.28]]
1270,1104,[[0.36 0.64]]
1270,1388,[[0.74 0.26]]
1270,1155,[[0.73 0.27]]
1270,1173,[[0.27 0.73]]
1270,1280,[[0.58 0.42]]
1270,1277,[[0.66 0.34]]
1270,1305,[[0.42 0.58]]
1270,1307,[[0.65 0.35]]
1270,1213,[[0.66 0.34]]
1270,1158,[[0.81 0.19]]
1270,1159,[[0.72 0.28]]
1270,1253,[[0.52 0.48]]
1270,1447,[[0.91 0.09]]
1270,1345,[[0.46 0.54]]
1270,1397,[[0.52 0.48]]
1270,1166,[[0.34 0.66]]
1270,1242,[[0.72 0.28]]
1270,1211,[[0.72 0.28]]
1270,1376,[[0.36 0.64]]
1270,1400,[[0.76 0.24]]
1270,1429,[[0.17 0.83]]
1270,1395,[[0.26 0.74]]
1270,1161,[[0.78 0.22]]
1270,1332,[[0.39 0.61]]
1270,1359,[[0.7 0.3]]
1270,1103,[[0.17 0.83]]
1270,1389,[[0.69 0.31]]
1270,1212,[[0.31 0.69]]
1270,1222,[[0.37 0.63]]
1270,1266,[[0.74 0.26]]
1270,1246,[[0.49 0.51]]
1270,1181,[[0.72 0.28]]
1270,1458,[[0.76 0.24]]
1270,1403,[[0.22 0.78]]
1270,1196,[[0.76 0.24]]
1270,1304,[[0.38 0.62]]
1270,1401,[[0.79 0.21]]
1270,1160,[[0.75 0.25]]
1270,1301,[[0.45 0.55]]
1270,1241,[[0.57 0.43]]
1270,1436,[[0.87 0.13]]
1270,1324,[[0.6 0.4]]
1270,1443,[[0.17 0.83]]
1270,1255,[[0.37 0.63]]
1359,1163,[[0.23 0.77]]
1359,1235,[[0.26 0.74]]
1359,1228,[[0.74 0.26]]
1359,1120,[[0.82 0.18]]
1359,1361,[[0.49 0.51]]
1359,1140,[[0.18 0.82]]
1359,1450,[[0.3 0.7]]
1359,1194,[[0.19 0.81]]
1359,1321,[[0.63 0.37]]
1359,1179,[[0.16 0.84]]
1359,1182,[[0.86 0.14]]
1359,1412,[[0.6 0.4]]
1359,1463,[[0.73 0.27]]
1359,1287,[[0.29 0.71]]
1359,1355,[[0.47 0.53]]
1359,1391,[[0.54 0.46]]
1359,1314,[[0.62 0.38]]
1359,1112,[[0.7 0.3]]
1359,1124,[[0.77 0.23]]
1359,1104,[[0.18 0.82]]
1359,1388,[[0.66 0.34]]
1359,1155,[[0.84 0.16]]
1359,1173,[[0.86 0.14]]
1359,1280,[[0.62 0.38]]
1359,1277,[[0.46 0.54]]
1359,1305,[[0.58 0.42]]
1359,1307,[[0.34 0.66]]
1359,1213,[[0.2 0.8]]
1359,1158,[[0.11 0.89]]
1359,1159,[[0.82 0.18]]
1359,1253,[[0.14 0.86]]
1359,1447,[[0.82 0.18]]
1359,1345,[[0.53 0.47]]
1359,1397,[[0.6 0.4]]
1359,1166,[[0.21 0.79]]
1359,1242,[[0.39 0.61]]
1359,1211,[[0.22 0.78]]
1359,1376,[[0.52 0.48]]
1359,1400,[[0.56 0.44]]
1359,1429,[[0.76 0.24]]
1359,1395,[[0.56 0.44]]
1359,1161,[[0.12 0.88]]
1359,1332,[[0.63 0.37]]
1359,1270,[[0.64 0.36]]
1359,1103,[[0.9 0.1]]
1359,1389,[[0.42 0.58]]
1359,1212,[[0.83 0.17]]
1359,1222,[[0.22 0.78]]
1359,1266,[[0.7 0.3]]
1359,1246,[[0.19 0.81]]
1359,1181,[[0.76 0.24]]
1359,1458,[[0.7 0.3]]
1359,1403,[[0.59 0.41]]
1359,1196,[[0.83 0.17]]
1359,1304,[[0.35 0.65]]
1359,1401,[[0.61 0.39]]
1359,1160,[[0.19 0.81]]
1359,1301,[[0.56 0.44]]
1359,1241,[[0.82 0.18]]
1359,1436,[[0.22 0.78]]
1359,1324,[[0.48 0.52]]
1359,1443,[[0.8 0.2]]
1359,1255,[[0.29 0.71]]
1103,1163,[[0.34 0.66]]
1103,1235,[[0.66 0.34]]
1103,1228,[[0.26 0.74]]
1103,1120,[[0.33 0.67]]
1103,1361,[[0.16 0.84]]
1103,1140,[[0.63 0.37]]
1103,1450,[[0.97 0.03]]
1103,1194,[[0.65 0.35]]
1103,1321,[[0.84 0.16]]
1103,1179,[[0.21 0.79]]
1103,1182,[[0.72 0.28]]
1103,1412,[[0.03 0.97]]
1103,1463,[[0.03 0.97]]
1103,1287,[[0.06 0.94]]
1103,1355,[[0.05 0.95]]
1103,1391,[[0.09 0.91]]
1103,1314,[[0.83 0.17]]
1103,1112,[[0.42 0.58]]
1103,1124,[[0.46 0.54]]
1103,1104,[[0.51 0.49]]
1103,1388,[[0.96 0.04]]
1103,1155,[[0.61 0.39]]
1103,1173,[[0.28 0.72]]
1103,1280,[[0.18 0.82]]
1103,1277,[[0.74 0.26]]
1103,1305,[[0.81 0.19]]
1103,1307,[[0.12 0.88]]
1103,1213,[[0.75 0.25]]
1103,1158,[[0.2 0.8]]
1103,1159,[[0.2 0.8]]
1103,1253,[[0.85 0.15]]
1103,1447,[[0.97 0.03]]
1103,1345,[[0.26 0.74]]
1103,1397,[[0.18 0.82]]
1103,1166,[[0.66 0.34]]
1103,1242,[[0.7 0.3]]
1103,1211,[[0.7 0.3]]
1103,1376,[[0.92 0.08]]
1103,1400,[[0.08 0.92]]
1103,1429,[[0.04 0.96]]
1103,1395,[[0.93 0.07]]
1103,1161,[[0.31 0.69]]
1103,1332,[[0.84 0.16]]
1103,1270,[[0.13 0.87]]
1103,1359,[[0.91 0.09]]
1103,1389,[[0.03 0.97]]
1103,1212,[[0.18 0.82]]
1103,1222,[[0.3 0.7]]
1103,1266,[[0.76 0.24]]
1103,1246,[[0.68 0.32]]
1103,1181,[[0.73 0.27]]
1103,1458,[[0.82 0.18]]
1103,1403,[[0.05 0.95]]
1103,1196,[[0.34 0.66]]
1103,1304,[[0.09 0.91]]
1103,1401,[[0.89 0.11]]
1103,1160,[[0.62 0.38]]
1103,1301,[[0.86 0.14]]
1103,1241,[[0.68 0.32]]
1103,1436,[[0.02 0.98]]
1103,1324,[[0.85 0.15]]
1103,1443,[[0.94 0.06]]
1103,1255,[[0.11 0.89]]
1389,1163,[[0.85 0.15]]
1389,1235,[[0.17 0.83]]
1389,1228,[[0.12 0.88]]
1389,1120,[[0.1 0.9]]
1389,1361,[[0.48 0.52]]
1389,1140,[[0.91 0.09]]
1389,1450,[[0.77 0.23]]
1389,1194,[[0.14 0.86]]
1389,1321,[[0.31 0.69]]
1389,1179,[[0.93 0.07]]
1389,1182,[[0.1 0.9]]
1389,1412,[[0.57 0.43]]
1389,1463,[[0.23 0.77]]
1389,1287,[[0.26 0.74]]
1389,1355,[[0.37 0.63]]
1389,1391,[[0.47 0.53]]
1389,1314,[[0.34 0.66]]
1389,1112,[[0.12 0.88]]
1389,1124,[[0.22 0.78]]
1389,1104,[[0.85 0.15]]
1389,1388,[[0.48 0.52]]
1389,1155,[[0.12 0.88]]
1389,1173,[[0.11 0.89]]
1389,1280,[[0.29 0.71]]
1389,1277,[[0.34 0.66]]
1389,1305,[[0.63 0.37]]
1389,1307,[[0.69 0.31]]
1389,1213,[[0.16 0.84]]
1389,1158,[[0.94 0.06]]
1389,1159,[[0.13 0.87]]
1389,1253,[[0.11 0.89]]
1389,1447,[[0.83 0.17]]
1389,1345,[[0.45 0.55]]
1389,1397,[[0.57 0.43]]
1389,1166,[[0.88 0.12]]
1389,1242,[[0.68 0.32]]
1389,1211,[[0.17 0.83]]
1389,1376,[[0.43 0.57]]
1389,1400,[[0.47 0.53]]
1389,1429,[[0.69 0.31]]
1389,1395,[[0.54 0.46]]
1389,1161,[[0.09 0.91]]
1389,1332,[[0.6 0.4]]
1389,1270,[[0.34 0.66]]
1389,1359,[[0.59 0.41]]
1389,1103,[[0.97 0.03]]
1389,1212,[[0.11 0.89]]
1389,1222,[[0.17 0.83]]
1389,1266,[[0.37 0.63]]
1389,1246,[[0.14 0.86]]
1389,1181,[[0.84 0.16]]
1389,1458,[[0.71 0.29]]
1389,1403,[[0.47 0.53]]
1389,1196,[[0.86 0.14]]
1389,1304,[[0.26 0.74]]
1389,1401,[[0.41 0.59]]
1389,1160,[[0.92 0.08]]
1389,1301,[[0.3 0.7]]
1389,1241,[[0.15 0.85]]
1389,1436,[[0.26 0.74]]
1389,1324,[[0.36 0.64]]
1389,1443,[[0.76 0.24]]
1389,1255,[[0.85 0.15]]
1212,1163,[[0.44 0.56]]
1212,1235,[[0.43 0.57]]
1212,1228,[[0.39 0.61]]
1212,1120,[[0.57 0.43]]
1212,1361,[[0.62 0.38]]
1212,1140,[[0.34 0.66]]
1212,1450,[[0.12 0.88]]
1212,1194,[[0.48 0.52]]
1212,1321,[[0.75 0.25]]
1212,1179,[[0.35 0.65]]
1212,1182,[[0.53 0.47]]
1212,1412,[[0.15 0.85]]
1212,1463,[[0.89 0.11]]
1212,1287,[[0.81 0.19]]
1212,1355,[[0.22 0.78]]
1212,1391,[[0.21 0.79]]
1212,1314,[[0.29 0.71]]
1212,1112,[[0.38 0.62]]
1212,1124,[[0.37 0.63]]
1212,1104,[[0.59 0.41]]
1212,1388,[[0.79 0.21]]
1212,1155,[[0.4 0.6]]
1212,1173,[[0.37 0.63]]
1212,1280,[[0.2 0.8]]
1212,1277,[[0.65 0.35]]
1212,1305,[[0.22 0.78]]
1212,1307,[[0.33 0.67]]
1212,1213,[[0.54 0.46]]
1212,1158,[[0.37 0.63]]
1212,1159,[[0.59 0.41]]
1212,1253,[[0.24 0.76]]
1212,1447,[[0.89 0.11]]
1212,1345,[[0.26 0.74]]
1212,1397,[[0.7 0.3]]
1212,1166,[[0.41 0.59]]
1212,1242,[[0.27 0.73]]
1212,1211,[[0.48 0.52]]
1212,1376,[[0.75 0.25]]
1212,1400,[[0.16 0.84]]
1212,1429,[[0.14 0.86]]
1212,1395,[[0.19 0.81]]
1212,1161,[[0.51 0.49]]
1212,1332,[[0.21 0.79]]
1212,1270,[[0.72 0.28]]
1212,1359,[[0.73 0.27]]
1212,1103,[[0.58 0.42]]
1212,1389,[[0.12 0.88]]
1212,1222,[[0.42 0.58]]
1212,1266,[[0.3 0.7]]
1212,1246,[[0.57 0.43]]
1212,1181,[[0.41 0.59]]
1212,1458,[[0.16 0.84]]
1212,1403,[[0.75 0.25]]
1212,1196,[[0.42 0.58]]
1212,1304,[[0.22 0.78]]
1212,1401,[[0.65 0.35]]
1212,1160,[[0.57 0.43]]
1212,1301,[[0.71 0.29]]
1212,1241,[[0.47 0.53]]
1212,1436,[[0.09 0.91]]
1212,1324,[[0.25 0.75]]
1212,1443,[[0.14 0.86]]
1212,1255,[[0.41 0.59]]
1222,1163,[[0.6 0.4]]
1222,1235,[[0.65 0.35]]
1222,1228,[[0.62 0.38]]
1222,1120,[[0.4 0.6]]
1222,1361,[[0.88 0.12]]
1222,1140,[[0.35 0.65]]
1222,1450,[[0.94 0.06]]
1222,1194,[[0.56 0.44]]
1222,1321,[[0.84 0.16]]
1222,1179,[[0.59 0.41]]
1222,1182,[[0.49 0.51]]
1222,1412,[[0.89 0.11]]
1222,1463,[[0.08 0.92]]
1222,1287,[[0.23 0.77]]
1222,1355,[[0.84 0.16]]
1222,1391,[[0.07 0.93]]
1222,1314,[[0.32 0.68]]
1222,1112,[[0.37 0.63]]
1222,1124,[[0.83 0.17]]
1222,1104,[[0.76 0.24]]
1222,1388,[[0.93 0.07]]
1222,1155,[[0.53 0.47]]
1222,1173,[[0.59 0.41]]
1222,1280,[[0.79 0.21]]
1222,1277,[[0.42 0.58]]
1222,1305,[[0.21 0.79]]
1222,1307,[[0.77 0.23]]
1222,1213,[[0.57 0.43]]
1222,1158,[[0.37 0.63]]
1222,1159,[[0.43 0.57]]
1222,1253,[[0.3 0.7]]
1222,1447,[[0.9 0.1]]
1222,1345,[[0.81 0.19]]
1222,1397,[[0.32 0.68]]
1222,1166,[[0.46 0.54]]
1222,1242,[[0.6 0.4]]
1222,1211,[[0.6 0.4]]
1222,1376,[[0.1 0.9]]
1222,1400,[[0.02 0.98]]
1222,1429,[[0.93 0.07]]
1222,1395,[[0.04 0.96]]
1222,1161,[[0.54 0.46]]
1222,1332,[[0.13 0.87]]
1222,1270,[[0.28 0.72]]
1222,1359,[[0.19 0.81]]
1222,1103,[[0.33 0.67]]
1222,1389,[[0.13 0.87]]
1222,1212,[[0.42 0.58]]
1222,1266,[[0.82 0.18]]
1222,1246,[[0.44 0.56]]
1222,1181,[[0.48 0.52]]
1222,1458,[[0.9 0.1]]
1222,1403,[[0.92 0.08]]
1222,1196,[[0.67 0.33]]
1222,1304,[[0.86 0.14]]
1222,1401,[[0.21 0.79]]
1222,1160,[[0.36 0.64]]
1222,1301,[[0.26 0.74]]
1222,1241,[[0.45 0.55]]
1222,1436,[[0.95 0.05]]
1222,1324,[[0.78 0.22]]
1222,1443,[[0.93 0.07]]
1222,1255,[[0.32 0.68]]
1266,1163,[[0.84 0.16]]
1266,1235,[[0.48 0.52]]
1266,1228,[[0.47 0.53]]
1266,1120,[[0.28 0.72]]
1266,1361,[[0.7 0.3]]
1266,1140,[[0.9 0.1]]
1266,1450,[[0.89 0.11]]
1266,1194,[[0.76 0.24]]
1266,1321,[[0.71 0.29]]
1266,1179,[[0.77 0.23]]
1266,1182,[[0.75 0.25]]
1266,1412,[[0.81 0.19]]
1266,1463,[[0.08 0.92]]
1266,1287,[[0.38 0.62]]
1266,1355,[[0.79 0.21]]
1266,1391,[[0.27 0.73]]
1266,1314,[[0.38 0.62]]
1266,1112,[[0.93 0.07]]
1266,1124,[[0.31 0.69]]
1266,1104,[[0.43 0.57]]
1266,1388,[[0.78 0.22]]
1266,1155,[[0.81 0.19]]
1266,1173,[[0.25 0.75]]
1266,1280,[[0.53 0.47]]
1266,1277,[[0.69 0.31]]
1266,1305,[[0.31 0.69]]
1266,1307,[[0.36 0.64]]
1266,1213,[[0.67 0.33]]
1266,1158,[[0.81 0.19]]
1266,1159,[[0.82 0.18]]
1266,1253,[[0.67 0.33]]
1266,1447,[[0.82 0.18]]
1266,1345,[[0.38 0.62]]
1266,1397,[[0.76 0.24]]
1266,1166,[[0.33 0.67]]
1266,1242,[[0.86 0.14]]
1266,1211,[[0.65 0.35]]
1266,1376,[[0.77 0.23]]
1266,1400,[[0.76 0.24]]
1266,1429,[[0.09 0.91]]
1266,1395,[[0.15 0.85]]
1266,1161,[[0.3 0.7]]
1266,1332,[[0.69 0.31]]
1266,1270,[[0.51 0.49]]
1266,1359,[[0.67 0.33]]
1266,1103,[[0.23 0.77]]
1266,1389,[[0.12 0.88]]
1266,1212,[[0.31 0.69]]
1266,1222,[[0.66 0.34]]
1266,1246,[[0.68 0.32]]
1266,1181,[[0.41 0.59]]
1266,1458,[[0.08 0.92]]
1266,1403,[[0.03 0.97]]
1266,1196,[[0.3 0.7]]
1266,1304,[[0.35 0.65]]
1266,1401,[[0.19 0.81]]
1266,1160,[[0.82 0.18]]
1266,1301,[[0.45 0.55]]
1266,1241,[[0.71 0.29]]
1266,1436,[[0.89 0.11]]
1266,1324,[[0.39 0.61]]
1266,1443,[[0.13 0.87]]
1266,1255,[[0.55 0.45]]
1246,1163,[[0.39 0.61]]
1246,1235,[[0.5 0.5]]
1246,1228,[[0.46 0.54]]
1246,1120,[[0.44 0.56]]
1246,1361,[[0.96 0.04]]
1246,1140,[[0.37 0.63]]
1246,1450,[[0.13 0.87]]
1246,1194,[[0.26 0.74]]
1246,1321,[[0.26 0.74]]
1246,1179,[[0.76 0.24]]
1246,1182,[[0.3 0.7]]
1246,1412,[[0.15 0.85]]
1246,1463,[[0.92 0.08]]
1246,1287,[[0.61 0.39]]
1246,1355,[[0.17 0.83]]
1246,1391,[[0.22 0.78]]
1246,1314,[[0.53 0.47]]
1246,1112,[[0.35 0.65]]
1246,1124,[[0.62 0.38]]
1246,1104,[[0.42 0.58]]
1246,1388,[[0.86 0.14]]
1246,1155,[[0.73 0.27]]
1246,1173,[[0.31 0.69]]
1246,1280,[[0.56 0.44]]
1246,1277,[[0.56 0.44]]
1246,1305,[[0.66 0.34]]
1246,1307,[[0.31 0.69]]
1246,1213,[[0.34 0.66]]
1246,1158,[[0.28 0.72]]
1246,1159,[[0.23 0.77]]
1246,1253,[[0.32 0.68]]
1246,1447,[[0.89 0.11]]
1246,1345,[[0.43 0.57]]
1246,1397,[[0.46 0.54]]
1246,1166,[[0.36 0.64]]
1246,1242,[[0.56 0.44]]
1246,1211,[[0.66 0.34]]
1246,1376,[[0.15 0.85]]
1246,1400,[[0.9 0.1]]
1246,1429,[[0.88 0.12]]
1246,1395,[[0.22 0.78]]
1246,1161,[[0.42 0.58]]
1246,1332,[[0.77 0.23]]
1246,1270,[[0.3 0.7]]
1246,1359,[[0.21 0.79]]
1246,1103,[[0.74 0.26]]
1246,1389,[[0.91 0.09]]
1246,1212,[[0.3 0.7]]
1246,1222,[[0.43 0.57]]
1246,1266,[[0.58 0.42]]
1246,1181,[[0.78 0.22]]
1246,1458,[[0.83 0.17]]
1246,1403,[[0.24 0.76]]
1246,1196,[[0.91 0.09]]
1246,1304,[[0.72 0.28]]
1246,1401,[[0.91 0.09]]
1246,1160,[[0.75 0.25]]
1246,1301,[[0.33 0.67]]
1246,1241,[[0.38 0.62]]
1246,1436,[[0.88 0.12]]
1246,1324,[[0.78 0.22]]
1246,1443,[[0.16 0.84]]
1246,1255,[[0.4 0.6]]
1181,1163,[[0.56 0.44]]
1181,1235,[[0.7 0.3]]
1181,1228,[[0.61 0.39]]
1181,1120,[[0.47 0.53]]
1181,1361,[[0.86 0.14]]
1181,1140,[[0.37 0.63]]
1181,1450,[[0.04 0.96]]
1181,1194,[[0.47 0.53]]
1181,1321,[[0.22 0.78]]
1181,1179,[[0.48 0.52]]
1181,1182,[[0.49 0.51]]
1181,1412,[[0.94 0.06]]
1181,1463,[[0.94 0.06]]
1181,1287,[[0.84 0.16]]
1181,1355,[[0.91 0.09]]
1181,1391,[[0.14 0.86]]
1181,1314,[[0.18 0.82]]
1181,1112,[[0.39 0.61]]
1181,1124,[[0.21 0.79]]
1181,1104,[[0.31 0.69]]
1181,1388,[[0.91 0.09]]
1181,1155,[[0.3 0.7]]
1181,1173,[[0.4 0.6]]
1181,1280,[[0.27 0.73]]
1181,1277,[[0.42 0.58]]
1181,1305,[[0.72 0.28]]
1181,1307,[[0.2 0.8]]
1181,1213,[[0.6 0.4]]
1181,1158,[[0.49 0.51]]
1181,1159,[[0.58 0.42]]
1181,1253,[[0.74 0.26]]
1181,1447,[[0.95 0.05]]
1181,1345,[[0.62 0.38]]
1181,1397,[[0.27 0.73]]
1181,1166,[[0.41 0.59]]
1181,1242,[[0.41 0.59]]
1181,1211,[[0.41 0.59]]
1181,1376,[[0.89 0.11]]
1181,1400,[[0.95 0.05]]
1181,1429,[[0.98 0.02]]
1181,1395,[[0.95 0.05]]
1181,1161,[[0.38 0.62]]
1181,1332,[[0.17 0.83]]
1181,1270,[[0.26 0.74]]
1181,1359,[[0.9 0.1]]
1181,1103,[[0.79 0.21]]
1181,1389,[[0.11 0.89]]
1181,1212,[[0.53 0.47]]
1181,1222,[[0.55 0.45]]
1181,1266,[[0.24 0.76]]
1181,1246,[[0.71 0.29]]
1181,1458,[[0.81 0.19]]
1181,1403,[[0.11 0.89]]
1181,1196,[[0.66 0.34]]
1181,1304,[[0.2 0.8]]
1181,1401,[[0.13 0.87]]
1181,1160,[[0.42 0.58]]
1181,1301,[[0.27 0.73]]
1181,1241,[[0.63 0.37]]
1181,1436,[[0.06 0.94]]
1181,1324,[[0.2 0.8]]
1181,1443,[[0.03 0.97]]
1181,1255,[[0.29 0.71]]
1458,1163,[[0.92 0.08]]
1458,1235,[[0.1 0.9]]
1458,1228,[[0.16 0.84]]
1458,1120,[[0.09 0.91]]
1458,1361,[[0.73 0.27]]
1458,1140,[[0.04 0.96]]
1458,1450,[[0.27 0.73]]
1458,1194,[[0.03 0.97]]
1458,1321,[[0.06 0.94]]
1458,1179,[[0.02 0.98]]
1458,1182,[[0.03 0.97]]
1458,1412,[[0.16 0.84]]
1458,1463,[[0.43 0.57]]
1458,1287,[[0.13 0.87]]
1458,1355,[[0.76 0.24]]
1458,1391,[[0.21 0.79]]
1458,1314,[[0.23 0.77]]
1458,1112,[[0.1 0.9]]
1458,1124,[[0.81 0.19]]
1458,1104,[[0.88 0.12]]
1458,1388,[[0.19 0.81]]
1458,1155,[[0.86 0.14]]
1458,1173,[[0.95 0.05]]
1458,1280,[[0.86 0.14]]
1458,1277,[[0.12 0.88]]
1458,1305,[[0. 1.]]
1458,1307,[[0.12 0.88]]
1458,1213,[[0.02 0.98]]
1458,1158,[[0.07 0.93]]
1458,1159,[[0.91 0.09]]
1458,1253,[[0.83 0.17]]
1458,1447,[[0.36 0.64]]
1458,1345,[[0.89 0.11]]
1458,1397,[[0.36 0.64]]
1458,1166,[[0.08 0.92]]
1458,1242,[[0.21 0.79]]
1458,1211,[[0.07 0.93]]
1458,1376,[[0.09 0.91]]
1458,1400,[[0.66 0.34]]
1458,1429,[[0.19 0.81]]
1458,1395,[[0.75 0.25]]
1458,1161,[[0.88 0.12]]
1458,1332,[[0.05 0.95]]
1458,1270,[[0.09 0.91]]
1458,1359,[[0.72 0.28]]
1458,1103,[[0.92 0.08]]
1458,1389,[[0.18 0.82]]
1458,1212,[[0.04 0.96]]
1458,1222,[[0.12 0.88]]
1458,1266,[[0.7 0.3]]
1458,1246,[[0.1 0.9]]
1458,1181,[[0.13 0.87]]
1458,1403,[[0.17 0.83]]
1458,1196,[[0.89 0.11]]
1458,1304,[[0.79 0.21]]
1458,1401,[[0.64 0.36]]
1458,1160,[[0.04 0.96]]
1458,1301,[[0.87 0.13]]
1458,1241,[[0.05 0.95]]
1458,1436,[[0.54 0.46]]
1458,1324,[[0.8 0.2]]
1458,1443,[[0.28 0.72]]
1458,1255,[[0.86 0.14]]
1403,1163,[[0.82 0.18]]
1403,1235,[[0.14 0.86]]
1403,1228,[[0.9 0.1]]
1403,1120,[[0.11 0.89]]
1403,1361,[[0.57 0.43]]
1403,1140,[[0.13 0.87]]
1403,1450,[[0.29 0.71]]
1403,1194,[[0.12 0.88]]
1403,1321,[[0.77 0.23]]
1403,1179,[[0.07 0.93]]
1403,1182,[[0.07 0.93]]
1403,1412,[[0.55 0.45]]
1403,1463,[[0.28 0.72]]
1403,1287,[[0.24 0.76]]
1403,1355,[[0.74 0.26]]
1403,1391,[[0.57 0.43]]
1403,1314,[[0.63 0.37]]
1403,1112,[[0.1 0.9]]
1403,1124,[[0.21 0.79]]
1403,1104,[[0.81 0.19]]
1403,1388,[[0.67 0.33]]
1403,1155,[[0.81 0.19]]
1403,1173,[[0.12 0.88]]
1403,1280,[[0.78 0.22]]
1403,1277,[[0.46 0.54]]
1403,1305,[[0.12 0.88]]
1403,1307,[[0.76 0.24]]
1403,1213,[[0.92 0.08]]
1403,1158,[[0.94 0.06]]
1403,1159,[[0.91 0.09]]
1403,1253,[[0.14 0.86]]
1403,1447,[[0.79 0.21]]
1403,1345,[[0.41 0.59]]
1403,1397,[[0.72 0.28]]
1403,1166,[[0.86 0.14]]
1403,1242,[[0.95 0.05]]
1403,1211,[[0.15 0.85]]
1403,1376,[[0.58 0.42]]
1403,1400,[[0.85 0.15]]
1403,1429,[[0.7 0.3]]
1403,1395,[[0.8 0.2]]
1403,1161,[[0.9 0.1]]
1403,1332,[[0.71 0.29]]
1403,1270,[[0.83 0.17]]
1403,1359,[[0.65 0.35]]
1403,1103,[[0.94 0.06]]
1403,1389,[[0.69 0.31]]
1403,1212,[[0.79 0.21]]
1403,1222,[[0.82 0.18]]
1403,1266,[[0.83 0.17]]
1403,1246,[[0.78 0.22]]
1403,1181,[[0.11 0.89]]
1403,1458,[[0.74 0.26]]
1403,1196,[[0.91 0.09]]
1403,1304,[[0.73 0.27]]
1403,1401,[[0.6 0.4]]
1403,1160,[[0.88 0.12]]
1403,1301,[[0.14 0.86]]
1403,1241,[[0.84 0.16]]
1403,1436,[[0.46 0.54]]
1403,1324,[[0.34 0.66]]
1403,1443,[[0.74 0.26]]
1403,1255,[[0.16 0.84]]
1196,1163,[[0.7 0.3]]
1196,1235,[[0.56 0.44]]
1196,1228,[[0.53 0.47]]
1196,1120,[[0.55 0.45]]
1196,1361,[[0.25 0.75]]
1196,1140,[[0.73 0.27]]
1196,1450,[[0.07 0.93]]
1196,1194,[[0.61 0.39]]
1196,1321,[[0.89 0.11]]
1196,1179,[[0.56 0.44]]
1196,1182,[[0.62 0.38]]
1196,1412,[[0.04 0.96]]
1196,1463,[[0.08 0.92]]
1196,1287,[[0.74 0.26]]
1196,1355,[[0.85 0.15]]
1196,1391,[[0.86 0.14]]
1196,1314,[[0.78 0.22]]
1196,1112,[[0.46 0.54]]
1196,1124,[[0.39 0.61]]
1196,1104,[[0.22 0.78]]
1196,1388,[[0.89 0.11]]
1196,1155,[[0.58 0.42]]
1196,1173,[[0.51 0.49]]
1196,1280,[[0.73 0.27]]
1196,1277,[[0.28 0.72]]
1196,1305,[[0.8 0.2]]
1196,1307,[[0.8 0.2]]
1196,1213,[[0.5 0.5]]
1196,1158,[[0.48 0.52]]
1196,1159,[[0.5 0.5]]
1196,1253,[[0.75 0.25]]
1196,1447,[[0.94 0.06]]
1196,1345,[[0.25 0.75]]
1196,1397,[[0.84 0.16]]
1196,1166,[[0.51 0.49]]
1196,1242,[[0.77 0.23]]
1196,1211,[[0.67 0.33]]
1196,1376,[[0.1 0.9]]
1196,1400,[[0.17 0.83]]
1196,1429,[[0.04 0.96]]
1196,1395,[[0.92 0.08]]
1196,1161,[[0.54 0.46]]
1196,1332,[[0.89 0.11]]
1196,1270,[[0.24 0.76]]
1196,1359,[[0.18 0.82]]
1196,1103,[[0.33 0.67]]
1196,1389,[[0.09 0.91]]
1196,1212,[[0.31 0.69]]
1196,1222,[[0.55 0.45]]
1196,1266,[[0.67 0.33]]
1196,1246,[[0.56 0.44]]
1196,1181,[[0.7 0.3]]
1196,1458,[[0.13 0.87]]
1196,1403,[[0.92 0.08]]
1196,1304,[[0.86 0.14]]
1196,1401,[[0.16 0.84]]
1196,1160,[[0.69 0.31]]
1196,1301,[[0.87 0.13]]
1196,1241,[[0.61 0.39]]
1196,1436,[[0.03 0.97]]
1196,1324,[[0.83 0.17]]
1196,1443,[[0.93 0.07]]
1196,1255,[[0.7 0.3]]
1304,1163,[[0.77 0.23]]
1304,1235,[[0.27 0.73]]
1304,1228,[[0.22 0.78]]
1304,1120,[[0.15 0.85]]
1304,1361,[[0.48 0.52]]
1304,1140,[[0.93 0.07]]
1304,1450,[[0.1 0.9]]
1304,1194,[[0.77 0.23]]
1304,1321,[[0.34 0.66]]
1304,1179,[[0.11 0.89]]
1304,1182,[[0.75 0.25]]
1304,1412,[[0.18 0.82]]
1304,1463,[[0.14 0.86]]
1304,1287,[[0.39 0.61]]
1304,1355,[[0.31 0.69]]
1304,1391,[[0.23 0.77]]
1304,1314,[[0.34 0.66]]
1304,1112,[[0.87 0.13]]
1304,1124,[[0.67 0.33]]
1304,1104,[[0.74 0.26]]
1304,1388,[[0.79 0.21]]
1304,1155,[[0.73 0.27]]
1304,1173,[[0.15 0.85]]
1304,1280,[[0.61 0.39]]
1304,1277,[[0.66 0.34]]
1304,1305,[[0.36 0.64]]
1304,1307,[[0.41 0.59]]
1304,1213,[[0.74 0.26]]
1304,1158,[[0.09 0.91]]
1304,1159,[[0.15 0.85]]
1304,1253,[[0.28 0.72]]
1304,1447,[[0.1 0.9]]
1304,1345,[[0.32 0.68]]
1304,1397,[[0.35 0.65]]
1304,1166,[[0.77 0.23]]
1304,1242,[[0.74 0.26]]
1304,1211,[[0.79 0.21]]
1304,1376,[[0.2 0.8]]
1304,1400,[[0.24 0.76]]
1304,1429,[[0.1 0.9]]
1304,1395,[[0.25 0.75]]
1304,1161,[[0.18 0.82]]
1304,1332,[[0.27 0.73]]
1304,1270,[[0.59 0.41]]
1304,1359,[[0.27 0.73]]
1304,1103,[[0.88 0.12]]
1304,1389,[[0.71 0.29]]
1304,1212,[[0.23 0.77]]
1304,1222,[[0.32 0.68]]
1304,1266,[[0.53 0.47]]
1304,1246,[[0.61 0.39]]
1304,1181,[[0.74 0.26]]
1304,1458,[[0.08 0.92]]
1304,1403,[[0.85 0.15]]
1304,1196,[[0.85 0.15]]
1304,1401,[[0.26 0.74]]
1304,1160,[[0.23 0.77]]
1304,1301,[[0.53 0.47]]
1304,1241,[[0.25 0.75]]
1304,1436,[[0.85 0.15]]
1304,1324,[[0.42 0.58]]
1304,1443,[[0.81 0.19]]
1304,1255,[[0.63 0.37]]
1401,1163,[[0.2 0.8]]
1401,1235,[[0.26 0.74]]
1401,1228,[[0.82 0.18]]
1401,1120,[[0.13 0.87]]
1401,1361,[[0.8 0.2]]
1401,1140,[[0.08 0.92]]
1401,1450,[[0.73 0.27]]
1401,1194,[[0.89 0.11]]
1401,1321,[[0.18 0.82]]
1401,1179,[[0.1 0.9]]
1401,1182,[[0.1 0.9]]
1401,1412,[[0.44 0.56]]
1401,1463,[[0.8 0.2]]
1401,1287,[[0.27 0.73]]
1401,1355,[[0.25 0.75]]
1401,1391,[[0.43 0.57]]
1401,1314,[[0.69 0.31]]
1401,1112,[[0.88 0.12]]
1401,1124,[[0.81 0.19]]
1401,1104,[[0.21 0.79]]
1401,1388,[[0.65 0.35]]
1401,1155,[[0.11 0.89]]
1401,1173,[[0.92 0.08]]
1401,1280,[[0.42 0.58]]
1401,1277,[[0.46 0.54]]
1401,1305,[[0.76 0.24]]
1401,1307,[[0.78 0.22]]
1401,1213,[[0.92 0.08]]
1401,1158,[[0.11 0.89]]
1401,1159,[[0.94 0.06]]
1401,1253,[[0.81 0.19]]
1401,1447,[[0.33 0.67]]
1401,1345,[[0.65 0.35]]
1401,1397,[[0.74 0.26]]
1401,1166,[[0.9 0.1]]
1401,1242,[[0.38 0.62]]
1401,1211,[[0.89 0.11]]
1401,1376,[[0.3 0.7]]
1401,1400,[[0.53 0.47]]
1401,1429,[[0.38 0.62]]
1401,1395,[[0.5 0.5]]
1401,1161,[[0.94 0.06]]
1401,1332,[[0.74 0.26]]
1401,1270,[[0.78 0.22]]
1401,1359,[[0.33 0.67]]
1401,1103,[[0.07 0.93]]
1401,1389,[[0.64 0.36]]
1401,1212,[[0.15 0.85]]
1401,1222,[[0.22 0.78]]
1401,1266,[[0.4 0.6]]
1401,1246,[[0.04 0.96]]
1401,1181,[[0.83 0.17]]
1401,1458,[[0.38 0.62]]
1401,1403,[[0.54 0.46]]
1401,1196,[[0.86 0.14]]
1401,1304,[[0.21 0.79]]
1401,1160,[[0.1 0.9]]
1401,1301,[[0.86 0.14]]
1401,1241,[[0.16 0.84]]
1401,1436,[[0.43 0.57]]
1401,1324,[[0.77 0.23]]
1401,1443,[[0.72 0.28]]
1401,1255,[[0.78 0.22]]
1160,1163,[[0.65 0.35]]
1160,1235,[[0.7 0.3]]
1160,1228,[[0.44 0.56]]
1160,1120,[[0.57 0.43]]
1160,1361,[[0.3 0.7]]
1160,1140,[[0.56 0.44]]
1160,1450,[[0.01 0.99]]
1160,1194,[[0.57 0.43]]
1160,1321,[[0.82 0.18]]
1160,1179,[[0.56 0.44]]
1160,1182,[[0.58 0.42]]
1160,1412,[[0.9 0.1]]
1160,1463,[[0.99 0.01]]
1160,1287,[[0.86 0.14]]
1160,1355,[[0.1 0.9]]
1160,1391,[[0.08 0.92]]
1160,1314,[[0.27 0.73]]
1160,1112,[[0.79 0.21]]
1160,1124,[[0.37 0.63]]
1160,1104,[[0.3 0.7]]
1160,1388,[[0.94 0.06]]
1160,1155,[[0.42 0.58]]
1160,1173,[[0.46 0.54]]
1160,1280,[[0.2 0.8]]
1160,1277,[[0.31 0.69]]
1160,1305,[[0.82 0.18]]
1160,1307,[[0.89 0.11]]
1160,1213,[[0.71 0.29]]
1160,1158,[[0.48 0.52]]
1160,1159,[[0.52 0.48]]
1160,1253,[[0.83 0.17]]
1160,1447,[[0.97 0.03]]
1160,1345,[[0.74 0.26]]
1160,1397,[[0.28 0.72]]
1160,1166,[[0.47 0.53]]
1160,1242,[[0.82 0.18]]
1160,1211,[[0.66 0.34]]
1160,1376,[[0.07 0.93]]
1160,1400,[[0.94 0.06]]
1160,1429,[[0.04 0.96]]
1160,1395,[[0.09 0.91]]
1160,1161,[[0.57 0.43]]
1160,1332,[[0.8 0.2]]
1160,1270,[[0.77 0.23]]
1160,1359,[[0.86 0.14]]
1160,1103,[[0.72 0.28]]
1160,1389,[[0.07 0.93]]
1160,1212,[[0.5 0.5]]
1160,1222,[[0.61 0.39]]
1160,1266,[[0.25 0.75]]
1160,1246,[[0.72 0.28]]
1160,1181,[[0.55 0.45]]
1160,1458,[[0.86 0.14]]
1160,1403,[[0.97 0.03]]
1160,1196,[[0.77 0.23]]
1160,1304,[[0.13 0.87]]
1160,1401,[[0.92 0.08]]
1160,1301,[[0.15 0.85]]
1160,1241,[[0.7 0.3]]
1160,1436,[[1. 0.]]
1160,1324,[[0.83 0.17]]
1160,1443,[[0.94 0.06]]
1160,1255,[[0.76 0.24]]
1301,1163,[[0.19 0.81]]
1301,1235,[[0.19 0.81]]
1301,1228,[[0.18 0.82]]
1301,1120,[[0.1 0.9]]
1301,1361,[[0.69 0.31]]
1301,1140,[[0.18 0.82]]
1301,1450,[[0.13 0.87]]
1301,1194,[[0.85 0.15]]
1301,1321,[[0.6 0.4]]
1301,1179,[[0.14 0.86]]
1301,1182,[[0.88 0.12]]
1301,1412,[[0.87 0.13]]
1301,1463,[[0.22 0.78]]
1301,1287,[[0.52 0.48]]
1301,1355,[[0.62 0.38]]
1301,1391,[[0.69 0.31]]
1301,1314,[[0.29 0.71]]
1301,1112,[[0.83 0.17]]
1301,1124,[[0.23 0.77]]
1301,1104,[[0.72 0.28]]
1301,1388,[[0.76 0.24]]
1301,1155,[[0.06 0.94]]
1301,1173,[[0.13 0.87]]
1301,1280,[[0.43 0.57]]
1301,1277,[[0.63 0.37]]
1301,1305,[[0.44 0.56]]
1301,1307,[[0.52 0.48]]
1301,1213,[[0.21 0.79]]
1301,1158,[[0.12 0.88]]
1301,1159,[[0.85 0.15]]
1301,1253,[[0.65 0.35]]
1301,1447,[[0.86 0.14]]
1301,1345,[[0.54 0.46]]
1301,1397,[[0.4 0.6]]
1301,1166,[[0.81 0.19]]
1301,1242,[[0.39 0.61]]
1301,1211,[[0.23 0.77]]
1301,1376,[[0.72 0.28]]
1301,1400,[[0.29 0.71]]
1301,1429,[[0.16 0.84]]
1301,1395,[[0.29 0.71]]
1301,1161,[[0.9 0.1]]
1301,1332,[[0.37 0.63]]
1301,1270,[[0.38 0.62]]
1301,1359,[[0.37 0.63]]
1301,1103,[[0.93 0.07]]
1301,1389,[[0.84 0.16]]
1301,1212,[[0.2 0.8]]
1301,1222,[[0.31 0.69]]
1301,1266,[[0.46 0.54]]
1301,1246,[[0.2 0.8]]
1301,1181,[[0.73 0.27]]
1301,1458,[[0.28 0.72]]
1301,1403,[[0.82 0.18]]
1301,1196,[[0.17 0.83]]
1301,1304,[[0.46 0.54]]
1301,1401,[[0.73 0.27]]
1301,1160,[[0.17 0.83]]
1301,1241,[[0.77 0.23]]
1301,1436,[[0.88 0.12]]
1301,1324,[[0.42 0.58]]
1301,1443,[[0.8 0.2]]
1301,1255,[[0.36 0.64]]
1241,1163,[[0.4 0.6]]
1241,1235,[[0.52 0.48]]
1241,1228,[[0.5 0.5]]
1241,1120,[[0.43 0.57]]
1241,1361,[[0.41 0.59]]
1241,1140,[[0.73 0.27]]
1241,1450,[[0.91 0.09]]
1241,1194,[[0.66 0.34]]
1241,1321,[[0.78 0.22]]
1241,1179,[[0.33 0.67]]
1241,1182,[[0.28 0.72]]
1241,1412,[[0.84 0.16]]
1241,1463,[[0.09 0.91]]
1241,1287,[[0.35 0.65]]
1241,1355,[[0.83 0.17]]
1241,1391,[[0.19 0.81]]
1241,1314,[[0.77 0.23]]
1241,1112,[[0.39 0.61]]
1241,1124,[[0.75 0.25]]
1241,1104,[[0.39 0.61]]
1241,1388,[[0.22 0.78]]
1241,1155,[[0.6 0.4]]
1241,1173,[[0.37 0.63]]
1241,1280,[[0.5 0.5]]
1241,1277,[[0.88 0.12]]
1241,1305,[[0.71 0.29]]
1241,1307,[[0.74 0.26]]
1241,1213,[[0.6 0.4]]
1241,1158,[[0.71 0.29]]
1241,1159,[[0.64 0.36]]
1241,1253,[[0.34 0.66]]
1241,1447,[[0.94 0.06]]
1241,1345,[[0.42 0.58]]
1241,1397,[[0.41 0.59]]
1241,1166,[[0.64 0.36]]
1241,1242,[[0.63 0.37]]
1241,1211,[[0.62 0.38]]
1241,1376,[[0.23 0.77]]
1241,1400,[[0.24 0.76]]
1241,1429,[[0.14 0.86]]
1241,1395,[[0.86 0.14]]
1241,1161,[[0.63 0.37]]
1241,1332,[[0.78 0.22]]
1241,1270,[[0.46 0.54]]
1241,1359,[[0.22 0.78]]
1241,1103,[[0.05 0.95]]
1241,1389,[[0.88 0.12]]
1241,1212,[[0.48 0.52]]
1241,1222,[[0.6 0.4]]
1241,1266,[[0.58 0.42]]
1241,1246,[[0.47 0.53]]
1241,1181,[[0.66 0.34]]
1241,1458,[[0.85 0.15]]
1241,1403,[[0.82 0.18]]
1241,1196,[[0.53 0.47]]
1241,1304,[[0.35 0.65]]
1241,1401,[[0.88 0.12]]
1241,1160,[[0.35 0.65]]
1241,1301,[[0.34 0.66]]
1241,1436,[[0.12 0.88]]
1241,1324,[[0.32 0.68]]
1241,1443,[[0.09 0.91]]
1241,1255,[[0.36 0.64]]
1436,1163,[[0.89 0.11]]
1436,1235,[[0.91 0.09]]
1436,1228,[[0.86 0.14]]
1436,1120,[[0.9 0.1]]
1436,1361,[[0.64 0.36]]
1436,1140,[[0.1 0.9]]
1436,1450,[[0.49 0.51]]
1436,1194,[[0.94 0.06]]
1436,1321,[[0.2 0.8]]
1436,1179,[[0.96 0.04]]
1436,1182,[[0.06 0.94]]
1436,1412,[[0.6 0.4]]
1436,1463,[[0.49 0.51]]
1436,1287,[[0.74 0.26]]
1436,1355,[[0.82 0.18]]
1436,1391,[[0.69 0.31]]
1436,1314,[[0.71 0.29]]
1436,1112,[[0.08 0.92]]
1436,1124,[[0.2 0.8]]
1436,1104,[[0.82 0.18]]
1436,1388,[[0.75 0.25]]
1436,1155,[[0.07 0.93]]
1436,1173,[[0.91 0.09]]
1436,1280,[[0.74 0.26]]
1436,1277,[[0.24 0.76]]
1436,1305,[[0.18 0.82]]
1436,1307,[[0.81 0.19]]
1436,1213,[[0.96 0.04]]
1436,1158,[[0.06 0.94]]
1436,1159,[[0.06 0.94]]
1436,1253,[[0.12 0.88]]
1436,1447,[[0.53 0.47]]
1436,1345,[[0.28 0.72]]
1436,1397,[[0.64 0.36]]
1436,1166,[[0.09 0.91]]
1436,1242,[[0.19 0.81]]
1436,1211,[[0.88 0.12]]
1436,1376,[[0.75 0.25]]
1436,1400,[[0.63 0.37]]
1436,1429,[[0.46 0.54]]
1436,1395,[[0.73 0.27]]
1436,1161,[[0.92 0.08]]
1436,1332,[[0.76 0.24]]
1436,1270,[[0.19 0.81]]
1436,1359,[[0.26 0.74]]
1436,1103,[[0.96 0.04]]
1436,1389,[[0.73 0.27]]
1436,1212,[[0.08 0.92]]
1436,1222,[[0.15 0.85]]
1436,1266,[[0.27 0.73]]
1436,1246,[[0.16 0.84]]
1436,1181,[[0.87 0.13]]
1436,1458,[[0.48 0.52]]
1436,1403,[[0.6 0.4]]
1436,1196,[[0.88 0.12]]
1436,1304,[[0.19 0.81]]
1436,1401,[[0.57 0.43]]
1436,1160,[[0.1 0.9]]
1436,1301,[[0.16 0.84]]
1436,1241,[[0.12 0.88]]
1436,1324,[[0.16 0.84]]
1436,1443,[[0.48 0.52]]
1436,1255,[[0.09 0.91]]
1324,1163,[[0.76 0.24]]
1324,1235,[[0.7 0.3]]
1324,1228,[[0.67 0.33]]
1324,1120,[[0.18 0.82]]
1324,1361,[[0.53 0.47]]
1324,1140,[[0.86 0.14]]
1324,1450,[[0.19 0.81]]
1324,1194,[[0.77 0.23]]
1324,1321,[[0.41 0.59]]
1324,1179,[[0.19 0.81]]
1324,1182,[[0.8 0.2]]
1324,1412,[[0.62 0.38]]
1324,1463,[[0.21 0.79]]
1324,1287,[[0.59 0.41]]
1324,1355,[[0.27 0.73]]
1324,1391,[[0.37 0.63]]
1324,1314,[[0.59 0.41]]
1324,1112,[[0.19 0.81]]
1324,1124,[[0.72 0.28]]
1324,1104,[[0.77 0.23]]
1324,1388,[[0.68 0.32]]
1324,1155,[[0.79 0.21]]
1324,1173,[[0.19 0.81]]
1324,1280,[[0.63 0.37]]
1324,1277,[[0.66 0.34]]
1324,1305,[[0.41 0.59]]
1324,1307,[[0.46 0.54]]
1324,1213,[[0.82 0.18]]
1324,1158,[[0.11 0.89]]
1324,1159,[[0.83 0.17]]
1324,1253,[[0.26 0.74]]
1324,1447,[[0.83 0.17]]
1324,1345,[[0.48 0.52]]
1324,1397,[[0.5 0.5]]
1324,1166,[[0.28 0.72]]
1324,1242,[[0.65 0.35]]
1324,1211,[[0.72 0.28]]
1324,1376,[[0.54 0.46]]
1324,1400,[[0.3 0.7]]
1324,1429,[[0.83 0.17]]
1324,1395,[[0.35 0.65]]
1324,1161,[[0.21 0.79]]
1324,1332,[[0.44 0.56]]
1324,1270,[[0.31 0.69]]
1324,1359,[[0.51 0.49]]
1324,1103,[[0.12 0.88]]
1324,1389,[[0.27 0.73]]
1324,1212,[[0.84 0.16]]
1324,1222,[[0.73 0.27]]
1324,1266,[[0.62 0.38]]
1324,1246,[[0.66 0.34]]
1324,1181,[[0.76 0.24]]
1324,1458,[[0.27 0.73]]
1324,1403,[[0.68 0.32]]
1324,1196,[[0.77 0.23]]
1324,1304,[[0.49 0.51]]
1324,1401,[[0.43 0.57]]
1324,1160,[[0.84 0.16]]
1324,1301,[[0.39 0.61]]
1324,1241,[[0.22 0.78]]
1324,1436,[[0.82 0.18]]
1324,1443,[[0.22 0.78]]
1324,1255,[[0.78 0.22]]
1443,1163,[[0.87 0.13]]
1443,1235,[[0.1 0.9]]
1443,1228,[[0.08 0.92]]
1443,1120,[[0.88 0.12]]
1443,1361,[[0.68 0.32]]
1443,1140,[[0.94 0.06]]
1443,1450,[[0.56 0.44]]
1443,1194,[[0.96 0.04]]
1443,1321,[[0.79 0.21]]
1443,1179,[[0.93 0.07]]
1443,1182,[[0.95 0.05]]
1443,1412,[[0.3 0.7]]
1443,1463,[[0.5 0.5]]
1443,1287,[[0.86 0.14]]
1443,1355,[[0.82 0.18]]
1443,1391,[[0.34 0.66]]
1443,1314,[[0.3 0.7]]
1443,1112,[[0.05 0.95]]
1443,1124,[[0.84 0.16]]
1443,1104,[[0.86 0.14]]
1443,1388,[[0.28 0.72]]
1443,1155,[[0.91 0.09]]
1443,1173,[[0.1 0.9]]
1443,1280,[[0.82 0.18]]
1443,1277,[[0.78 0.22]]
1443,1305,[[0.87 0.13]]
1443,1307,[[0.84 0.16]]
1443,1213,[[0.04 0.96]]
1443,1158,[[0.97 0.03]]
1443,1159,[[0.06 0.94]]
1443,1253,[[0.14 0.86]]
1443,1447,[[0.46 0.54]]
1443,1345,[[0.31 0.69]]
1443,1397,[[0.44 0.56]]
1443,1166,[[0.11 0.89]]
1443,1242,[[0.25 0.75]]
1443,1211,[[0.91 0.09]]
1443,1376,[[0.28 0.72]]
1443,1400,[[0.65 0.35]]
1443,1429,[[0.5 0.5]]
1443,1395,[[0.32 0.68]]
1443,1161,[[0.9 0.1]]
1443,1332,[[0.82 0.18]]
1443,1270,[[0.91 0.09]]
1443,1359,[[0.77 0.23]]
1443,1103,[[0.04 0.96]]
1443,1389,[[0.14 0.86]]
1443,1212,[[0.04 0.96]]
1443,1222,[[0.14 0.86]]
1443,1266,[[0.89 0.11]]
1443,1246,[[0.12 0.88]]
1443,1181,[[0.12 0.88]]
1443,1458,[[0.45 0.55]]
1443,1403,[[0.69 0.31]]
1443,1196,[[0.11 0.89]]
1443,1304,[[0.12 0.88]]
1443,1401,[[0.34 0.66]]
1443,1160,[[0.94 0.06]]
1443,1301,[[0.16 0.84]]
1443,1241,[[0.05 0.95]]
1443,1436,[[0.28 0.72]]
1443,1324,[[0.09 0.91]]
1443,1255,[[0.91 0.09]]
1255,1163,[[0.34 0.66]]
1255,1235,[[0.28 0.72]]
1255,1228,[[0.34 0.66]]
1255,1120,[[0.29 0.71]]
1255,1361,[[0.57 0.43]]
1255,1140,[[0.23 0.77]]
1255,1450,[[0.88 0.12]]
1255,1194,[[0.65 0.35]]
1255,1321,[[0.55 0.45]]
1255,1179,[[0.21 0.79]]
1255,1182,[[0.2 0.8]]
1255,1412,[[0.78 0.22]]
1255,1463,[[0.11 0.89]]
1255,1287,[[0.36 0.64]]
1255,1355,[[0.32 0.68]]
1255,1391,[[0.75 0.25]]
1255,1314,[[0.63 0.37]]
1255,1112,[[0.7 0.3]]
1255,1124,[[0.3 0.7]]
1255,1104,[[0.69 0.31]]
1255,1388,[[0.23 0.77]]
1255,1155,[[0.26 0.74]]
1255,1173,[[0.65 0.35]]
1255,1280,[[0.37 0.63]]
1255,1277,[[0.38 0.62]]
1255,1305,[[0.38 0.62]]
1255,1307,[[0.68 0.32]]
1255,1213,[[0.61 0.39]]
1255,1158,[[0.23 0.77]]
1255,1159,[[0.24 0.76]]
1255,1253,[[0.49 0.51]]
1255,1447,[[0.88 0.12]]
1255,1345,[[0.54 0.46]]
1255,1397,[[0.29 0.71]]
1255,1166,[[0.31 0.69]]
1255,1242,[[0.38 0.62]]
1255,1211,[[0.58 0.42]]
1255,1376,[[0.71 0.29]]
1255,1400,[[0.72 0.28]]
1255,1429,[[0.17 0.83]]
1255,1395,[[0.22 0.78]]
1255,1161,[[0.28 0.72]]
1255,1332,[[0.62 0.38]]
1255,1270,[[0.54 0.46]]
1255,1359,[[0.67 0.33]]
1255,1103,[[0.81 0.19]]
1255,1389,[[0.17 0.83]]
1255,1212,[[0.72 0.28]]
1255,1222,[[0.35 0.65]]
1255,1266,[[0.36 0.64]]
1255,1246,[[0.4 0.6]]
1255,1181,[[0.61 0.39]]
1255,1458,[[0.2 0.8]]
1255,1403,[[0.72 0.28]]
1255,1196,[[0.69 0.31]]
1255,1304,[[0.34 0.66]]
1255,1401,[[0.68 0.32]]
1255,1160,[[0.25 0.75]]
1255,1301,[[0.32 0.68]]
1255,1241,[[0.5 0.5]]
1255,1436,[[0.9 0.1]]
1255,1324,[[0.71 0.29]]
1255,1443,[[0.94 0.06]]
